#EVID,LON,LAT,DEPTH,ML,YEAR,MONTH,DAY,HOUR,MINUTE,SECONDS,STR,DIP,RAKE
236426,-119.935116,39.521130,2.952,1.29,2008,2,28,23,18,44.120,103,55,150
236668,-119.935286,39.521358,2.371,1.79,2008,3,2,4,9,13.580,277,78,-154
237121,-119.933805,39.523918,2.923,1.64,2008,3,5,10,27,46.250,299,52,-153
237524,-119.934399,39.522526,3.036,3.21,2008,3,8,10,6,59.970,318,86,173
237620,-119.936149,39.522245,3.092,0.75,2008,3,8,17,4,46.680,316,79,149
237583,-119.934408,39.521899,0.705,0.86,2008,3,9,1,12,21.580,122,80,175
237589,-119.934497,39.520976,0.973,1.92,2008,3,9,6,46,17.090,144,82,147
237590,-119.936125,39.523022,3.116,1.78,2008,3,9,6,47,32.890,324,64,-151
237680,-119.932780,39.519141,0.893,0.88,2008,3,9,15,8,38.010,113,87,-176
238326,-119.938851,39.525859,3.012,1.40,2008,3,15,1,51,32.550,16,42,-67
238353,-119.937907,39.525130,2.915,2.65,2008,3,15,15,38,35.510,319,43,-171
238380,-119.937565,39.525016,3.128,1.33,2008,3,15,20,20,6.760,333,38,-147
238381,-119.938395,39.525500,3.084,1.38,2008,3,15,20,32,10.900,143,56,-124
238936,-119.935148,39.525509,3.388,1.96,2008,3,21,9,23,14.100,334,68,-178
239115,-119.936580,39.526579,3.295,3.02,2008,3,24,19,16,13.840,322,65,-151
239202,-119.935498,39.526383,3.458,1.36,2008,3,25,2,7,16.350,307,61,180
239224,-119.937826,39.528609,3.311,2.52,2008,3,25,15,41,5.650,139,78,-161
239502,-119.936646,39.527055,3.237,1.17,2008,3,26,7,32,2.690,128,80,-158
239320,-119.937467,39.528153,3.432,1.43,2008,3,26,8,32,22.660,133,69,-162
239462,-119.936572,39.527490,3.419,3.05,2008,3,27,3,42,13.950,144,56,-151
239844,-119.933309,39.520679,3.255,1.79,2008,3,30,23,54,16.760,121,80,174
240039,-119.932609,39.519259,3.451,2.98,2008,4,2,0,7,46.000,132,82,-178
240097,-119.936068,39.520504,2.827,2.33,2008,4,2,6,10,43.870,311,75,165
240099,-119.932495,39.519031,3.314,0.90,2008,4,2,6,47,55.400,310,68,-146
240104,-119.936711,39.524475,2.931,1.29,2008,4,2,8,10,19.870,344,81,-171
240107,-119.938892,39.526672,2.838,1.02,2008,4,2,8,46,27.680,310,78,162
240112,-119.932967,39.518905,3.358,0.91,2008,4,2,10,41,35.520,309,64,-172
240113,-119.935954,39.522673,3.159,1.01,2008,4,2,11,43,30.290,318,76,-170
240405,-119.920353,39.509627,3.145,0.72,2008,4,6,4,48,50.490,301,76,-160
240407,-119.920540,39.509949,3.216,1.66,2008,4,6,5,5,28.200,315,51,-131
240500,-119.933268,39.518819,3.482,2.13,2008,4,7,9,40,33.830,303,70,-161
240525,-119.924504,39.514400,3.365,1.78,2008,4,7,16,51,41.930,128,72,-162
240552,-119.934269,39.517757,3.421,1.67,2008,4,7,22,30,12.520,292,87,-156
240566,-119.920207,39.511328,3.486,1.25,2008,4,8,1,46,54.980,284,72,-144
240587,-119.943571,39.533032,3.085,1.51,2008,4,8,8,49,54.570,317,60,-174
240713,-119.937541,39.523490,1.984,1.01,2008,4,9,13,2,10.920,323,84,-117
240884,-119.931649,39.519946,2.729,1.06,2008,4,11,15,33,23.250,323,57,170
240980,-119.936369,39.526917,3.284,2.23,2008,4,12,12,24,45.430,148,80,-152
240982,-119.936304,39.527055,3.371,1.17,2008,4,12,13,12,2.360,309,64,160
240997,-119.935913,39.526322,3.448,1.31,2008,4,12,21,24,8.800,312,68,160
241008,-119.937459,39.524475,3.107,0.80,2008,4,13,3,42,53.650,304,79,145
241010,-119.936564,39.522668,3.063,1.62,2008,4,13,5,24,16.700,316,67,-153
241011,-119.935116,39.521724,3.178,0.91,2008,4,13,5,34,2.300,321,68,-140
241034,-119.939054,39.522843,2.395,1.25,2008,4,13,14,44,8.350,320,83,-142
241040,-119.937362,39.524471,3.143,2.00,2008,4,13,16,51,36.960,297,79,-163
241555,-119.931706,39.530139,4.183,1.04,2008,4,14,22,3,46.800,126,74,-168
241185,-119.931437,39.530379,4.090,2.96,2008,4,15,0,27,50.600,134,75,175
241132,-119.931193,39.529171,4.245,1.74,2008,4,15,2,23,38.980,130,83,-165
241133,-119.933024,39.530619,4.320,1.62,2008,4,15,2,26,20.740,153,62,-131
241320,-119.930379,39.527795,4.245,1.55,2008,4,15,10,55,32.380,139,74,-172
241152,-119.933089,39.531429,3.857,3.33,2008,4,15,14,59,37.070,134,82,-174
241154,-119.931877,39.529244,4.276,1.70,2008,4,15,15,3,1.450,130,81,-169
243238,-119.933496,39.530912,3.718,1.21,2008,4,15,15,15,13.320,335,43,-116
241158,-119.934660,39.531868,4.099,2.68,2008,4,15,15,20,20.700,139,69,-168
241174,-119.932715,39.529248,4.372,1.28,2008,4,15,15,49,18.480,183,44,-108
241178,-119.933236,39.529903,4.312,1.11,2008,4,15,15,53,14.330,137,81,-92
241181,-119.934969,39.532397,4.047,0.93,2008,4,15,16,10,39.760,126,69,-161
241206,-119.930436,39.528153,4.251,2.45,2008,4,15,18,32,18.200,140,68,-170
241207,-119.931551,39.529215,4.284,1.52,2008,4,15,18,34,37.740,131,82,-168
241444,-119.932048,39.529224,4.328,1.15,2008,4,15,18,34,59.520,136,82,-170
241209,-119.932992,39.528845,4.435,1.40,2008,4,15,18,37,54.780,175,47,-107
241451,-119.935173,39.533757,3.888,1.36,2008,4,15,18,49,10.040,173,40,-125
241221,-119.933219,39.528719,4.484,1.36,2008,4,15,20,22,49.200,181,46,-110
241224,-119.936027,39.533720,4.145,1.00,2008,4,15,20,39,51.280,183,37,-116
241226,-119.932560,39.531303,3.662,3.03,2008,4,15,21,26,35.000,321,87,-178
241460,-119.934237,39.532760,3.797,1.46,2008,4,15,21,29,7.920,299,72,165
241462,-119.929582,39.528984,3.886,2.11,2008,4,15,21,29,55.840,137,67,-169
241404,-119.930981,39.530318,3.663,3.53,2008,4,15,21,32,31.460,144,80,-174
241238,-119.932821,39.531986,3.585,3.49,2008,4,15,21,33,57.320,43,83,1
241233,-119.934383,39.530713,4.214,2.18,2008,4,15,21,47,46.760,171,46,-108
241234,-119.935148,39.532377,4.156,1.38,2008,4,15,21,50,10.580,124,69,-162
241236,-119.931038,39.530424,3.734,1.20,2008,4,15,22,1,16.920,291,55,149
241469,-119.936849,39.526799,3.107,1.36,2008,4,15,22,46,41.760,303,88,153
241244,-119.935571,39.531681,4.240,1.37,2008,4,15,22,55,35.880,176,44,-116
241472,-119.936141,39.526042,3.159,1.76,2008,4,15,23,7,19.100,306,73,-162
241261,-119.933927,39.531958,3.633,0.77,2008,4,16,1,25,28.470,301,83,179
241262,-119.937964,39.523726,3.200,1.31,2008,4,16,1,38,0.710,303,80,-163
241263,-119.927450,39.526135,4.005,1.58,2008,4,16,1,38,42.170,169,48,-125
241266,-119.937093,39.533610,4.234,1.28,2008,4,16,2,25,36.920,311,75,177
241270,-119.938363,39.535535,3.686,0.72,2008,4,16,3,9,14.370,138,59,-157
243445,-119.938826,39.525830,3.057,1.25,2008,4,16,4,32,21.940,298,68,158
241277,-119.937419,39.524438,2.994,1.13,2008,4,16,5,31,33.780,316,82,134
241279,-119.932121,39.528707,4.355,1.28,2008,4,16,5,51,15.900,27,47,-70
241285,-119.932495,39.528451,4.387,1.74,2008,4,16,6,53,55.000,189,43,-101
393385,-119.933089,39.529456,4.399,2.01,2008,4,16,6,54,36.290,176,47,-111
241503,-119.932259,39.529203,4.367,1.56,2008,4,16,6,55,7.320,146,68,-178
241287,-119.933870,39.529903,4.425,0.74,2008,4,16,6,58,55.610,183,50,-127
241291,-119.934578,39.530542,4.447,0.78,2008,4,16,7,47,1.510,187,44,-105
241293,-119.933748,39.532137,3.583,2.31,2008,4,16,8,10,0.180,323,67,-178
241299,-119.926066,39.523429,4.001,1.55,2008,4,16,11,53,16.320,172,79,160
241300,-119.925903,39.523938,4.003,0.63,2008,4,16,11,56,2.640,170,76,163
241301,-119.925496,39.523136,4.128,0.91,2008,4,16,12,2,51.180,165,69,175
241302,-119.933569,39.529696,4.458,0.95,2008,4,16,12,17,59.080,30,50,-68
241304,-119.935547,39.533618,3.530,0.94,2008,4,16,12,36,52.860,307,64,163
241346,-119.937590,39.535181,4.005,0.82,2008,4,16,20,25,52.820,321,56,131
241363,-119.927645,39.532792,4.728,1.48,2008,4,16,23,16,53.920,29,47,-72
241370,-119.928328,39.532520,4.865,1.55,2008,4,17,0,43,28.990,172,50,-122
241565,-119.926937,39.532113,4.722,1.93,2008,4,17,0,44,49.880,171,54,-118
241374,-119.927360,39.532658,4.677,1.29,2008,4,17,0,48,0.100,180,50,-118
241376,-119.927311,39.532377,4.831,1.25,2008,4,17,1,1,28.110,182,50,-118
241381,-119.926855,39.532686,4.626,1.06,2008,4,17,1,45,49.070,157,70,-111
243833,-119.927336,39.531921,4.781,1.24,2008,4,17,2,14,31.180,160,62,-127
243835,-119.926978,39.531917,4.790,1.20,2008,4,17,2,14,46.060,172,58,-106
241393,-119.926766,39.532007,4.882,0.24,2008,4,17,2,43,1.190,46,47,-61
241408,-119.927043,39.533614,4.520,2.00,2008,4,17,4,40,2.170,178,48,-115
241409,-119.927474,39.532731,4.697,1.47,2008,4,17,4,42,31.350,173,50,-118
241413,-119.929305,39.517834,2.536,2.26,2008,4,17,6,7,32.430,304,73,-135
241668,-119.925863,39.523857,4.609,0.41,2008,4,17,8,55,58.090,306,25,-177
241423,-119.928613,39.531824,4.584,1.38,2008,4,17,9,28,44.950,173,58,-120
241424,-119.927360,39.526473,3.976,2.29,2008,4,17,9,58,51.230,137,65,178
241434,-119.933748,39.529907,4.482,1.61,2008,4,17,12,14,53.270,188,44,-110
241437,-119.927686,39.530811,4.786,2.24,2008,4,17,14,13,15.690,22,43,-69
241438,-119.933146,39.530526,4.308,1.89,2008,4,17,15,8,23.650,134,75,-180
241439,-119.933488,39.531291,4.250,1.01,2008,4,17,15,9,22.990,150,61,-131
241440,-119.932096,39.529199,4.205,1.35,2008,4,17,15,21,22.200,199,40,-100
241453,-119.927889,39.530343,4.824,1.84,2008,4,17,17,44,34.600,176,48,-114
241548,-119.929395,39.517407,3.014,1.16,2008,4,18,17,6,11.140,303,72,-160
241589,-119.935254,39.533065,3.296,2.12,2008,4,18,21,46,9.040,313,59,-178
241650,-119.926668,39.532585,4.557,1.41,2008,4,19,10,39,31.290,171,52,-120
241652,-119.925911,39.523796,4.371,1.60,2008,4,19,11,24,2.420,163,74,170
241659,-119.909578,39.501176,3.122,0.82,2008,4,19,14,16,59.070,301,73,-180
241677,-119.924178,39.534993,5.093,0.76,2008,4,19,18,27,22.480,99,69,153
241683,-119.934871,39.533150,3.892,2.02,2008,4,19,22,34,22.040,142,58,-145
241689,-119.927303,39.524333,3.777,1.58,2008,4,20,3,0,57.210,306,68,174
241719,-119.933382,39.518494,3.361,1.84,2008,4,20,14,7,46.650,314,62,-156
241728,-119.916479,39.543034,4.281,1.57,2008,4,20,19,32,30.920,106,89,149
241731,-119.915690,39.542021,4.266,1.35,2008,4,20,20,42,58.600,310,78,-160
241742,-119.930306,39.527222,4.332,1.47,2008,4,21,0,5,12.710,22,52,-58
241743,-119.930745,39.527913,4.349,2.70,2008,4,21,0,10,13.020,175,44,-118
241746,-119.934489,39.530754,4.491,1.22,2008,4,21,0,45,14.390,59,53,-76
241758,-119.920418,39.514876,4.157,1.87,2008,4,21,5,20,0.400,344,81,-138
241766,-119.933171,39.527889,4.518,1.67,2008,4,21,7,0,14.690,186,46,-118
241777,-119.928296,39.524736,3.672,1.18,2008,4,21,12,11,33.740,308,79,170
241813,-119.920532,39.515076,3.972,2.98,2008,4,21,19,14,10.160,155,68,173
241820,-119.919295,39.512817,3.991,2.23,2008,4,21,20,54,6.440,165,65,-175
241821,-119.933805,39.527840,4.590,1.76,2008,4,21,21,7,22.760,179,52,-117
241824,-119.933724,39.529879,4.450,1.38,2008,4,21,21,20,57.040,139,64,-118
241847,-119.919425,39.514587,3.815,1.37,2008,4,22,2,11,46.090,165,54,-172
241853,-119.920329,39.515682,4.356,2.42,2008,4,22,6,13,15.390,143,85,172
241854,-119.920915,39.515776,4.385,1.38,2008,4,22,6,19,19.710,150,55,-170
241855,-119.921370,39.516508,4.350,1.86,2008,4,22,6,20,38.300,151,60,-174
241860,-119.921143,39.515780,4.399,1.18,2008,4,22,7,59,54.520,147,46,-168
241866,-119.930542,39.526693,4.344,1.89,2008,4,22,9,38,1.310,160,46,-130
241919,-119.929598,39.526689,4.335,1.62,2008,4,22,9,38,42.000,167,46,-117
241867,-119.929386,39.526843,4.281,1.30,2008,4,22,9,40,6.050,184,40,-120
241868,-119.928499,39.524703,4.341,2.05,2008,4,22,9,44,21.910,167,47,-134
241879,-119.930200,39.526261,4.372,1.48,2008,4,22,11,24,1.800,30,54,-65
241885,-119.921362,39.516492,4.304,1.44,2008,4,22,13,31,43.410,141,55,-177
241886,-119.922314,39.517586,4.382,1.71,2008,4,22,13,54,2.100,159,74,167
241892,-119.920874,39.516060,4.134,2.06,2008,4,22,15,8,48.650,162,72,175
241945,-119.918660,39.513448,4.292,2.10,2008,4,22,21,41,35.300,300,83,113
241946,-119.918115,39.512948,4.286,1.16,2008,4,22,21,45,44.560,300,80,131
241955,-119.921720,39.539124,4.183,1.64,2008,4,22,22,57,41.200,127,85,-148
241988,-119.921997,39.541256,4.192,1.69,2008,4,23,3,7,39.700,291,89,-161
241998,-119.932992,39.513786,1.933,0.78,2008,4,23,5,46,53.980,130,83,147
242035,-119.920630,39.515682,4.101,2.74,2008,4,23,6,21,9.030,163,74,178
242007,-119.921802,39.516536,4.400,1.75,2008,4,23,6,49,20.330,145,52,-173
242008,-119.921745,39.520496,3.857,1.13,2008,4,23,6,51,40.100,163,49,177
242077,-119.922062,39.518005,4.275,1.33,2008,4,23,9,0,3.520,154,45,-162
242061,-119.927645,39.524235,3.748,1.72,2008,4,23,21,42,38.200,308,66,-172
242092,-119.922225,39.537606,4.126,1.32,2008,4,24,3,57,0.370,126,84,-144
242104,-119.935425,39.533158,3.592,1.14,2008,4,24,7,51,3.700,307,75,173
242157,-119.926326,39.525403,3.854,3.98,2008,4,24,22,47,3.840,56,81,-8
242158,-119.932568,39.531694,3.726,2.88,2008,4,24,22,51,6.480,320,87,-159
242159,-119.934155,39.532324,3.908,1.61,2008,4,24,22,52,34.160,124,67,-152
385011,-119.925887,39.524304,3.805,1.68,2008,4,24,22,54,21.360,172,68,170
487664,-119.934749,39.532235,3.973,3.12,2008,4,24,22,54,37.580,134,68,178
242164,-119.930330,39.532792,4.192,4.11,2008,4,24,22,55,48.700,151,75,178
242167,-119.925773,39.523051,4.169,2.44,2008,4,24,23,0,14.880,312,71,-176
385016,-119.935986,39.533366,3.228,2.95,2008,4,24,23,0,21.840,317,71,179
251208,-119.936418,39.534424,3.347,1.88,2008,4,24,23,1,3.540,314,65,-180
250449,-119.926823,39.523348,4.235,1.89,2008,4,24,23,1,55.940,302,73,154
251251,-119.920947,39.516443,4.471,1.67,2008,4,24,23,4,27.080,304,62,-172
250450,-119.931152,39.528658,4.164,1.51,2008,4,24,23,6,24.840,138,63,-158
250426,-119.920101,39.515072,4.201,2.79,2008,4,24,23,8,41.680,304,64,-164
242173,-119.939412,39.528975,2.781,1.92,2008,4,24,23,14,20.160,309,59,-171
242174,-119.926383,39.524109,4.065,2.15,2008,4,24,23,16,41.620,312,72,179
242175,-119.923470,39.519397,4.643,2.21,2008,4,24,23,18,48.160,316,77,-165
250454,-119.925098,39.522148,4.017,1.03,2008,4,24,23,24,1.960,312,37,-169
242177,-119.925342,39.522310,4.074,2.25,2008,4,24,23,26,2.680,133,78,175
242178,-119.922257,39.517000,4.575,1.44,2008,4,24,23,27,22.640,306,79,-168
242179,-119.921232,39.516695,4.749,1.57,2008,4,24,23,29,23.800,135,56,178
242180,-119.922095,39.518481,3.606,1.79,2008,4,24,23,32,7.680,318,54,116
242182,-119.925887,39.523311,4.039,1.22,2008,4,24,23,37,13.820,302,57,139
242186,-119.919466,39.514986,4.536,1.79,2008,4,24,23,43,12.960,299,61,-171
242187,-119.918604,39.514616,4.306,2.98,2008,4,24,23,51,48.520,151,58,-176
245326,-119.934269,39.527266,4.696,1.70,2008,4,25,0,14,18.830,193,48,-143
242203,-119.928890,39.524406,3.559,1.46,2008,4,25,0,21,53.020,304,81,-172
384879,-119.920817,39.515100,4.422,1.54,2008,4,25,0,23,21.020,298,78,161
245368,-119.921842,39.515955,4.412,1.86,2008,4,25,0,25,41.060,134,89,-171
242207,-119.913672,39.506779,3.550,1.05,2008,4,25,0,32,59.140,298,75,-156
242208,-119.919434,39.514221,4.254,1.71,2008,4,25,0,35,25.160,302,61,-162
250459,-119.934041,39.526689,4.582,1.03,2008,4,25,0,38,8.150,28,49,-81
250462,-119.917912,39.514099,4.459,1.70,2008,4,25,0,39,21.030,125,76,-178
242215,-119.927026,39.523869,3.650,3.11,2008,4,25,1,0,33.170,319,60,-169
242228,-119.922404,39.518888,3.656,0.78,2008,4,25,1,36,42.340,312,48,-146
242230,-119.927710,39.523332,3.606,0.89,2008,4,25,1,49,34.740,278,67,135
242235,-119.933748,39.521073,3.408,0.78,2008,4,25,2,10,38.730,297,79,-150
245556,-119.917489,39.509798,3.949,0.96,2008,4,25,2,22,49.730,173,60,-166
242237,-119.938420,39.525822,3.108,2.08,2008,4,25,2,23,13.680,306,86,157
242238,-119.924707,39.523116,3.902,0.89,2008,4,25,2,26,59.980,177,42,-140
242240,-119.937044,39.525163,3.242,1.60,2008,4,25,2,28,40.050,312,65,-175
242241,-119.922241,39.516984,4.592,1.64,2008,4,25,2,39,19.240,322,48,-147
242243,-119.917253,39.512008,4.350,0.96,2008,4,25,2,52,33.600,299,76,-177
242245,-119.935197,39.530538,4.601,0.67,2008,4,25,2,59,29.630,203,41,-96
242246,-119.926587,39.525675,3.753,1.77,2008,4,25,3,1,32.940,181,46,-109
242247,-119.922103,39.519731,5.544,0.83,2008,4,25,3,18,49.490,296,52,-149
385191,-119.928833,39.529480,5.452,1.46,2008,4,25,3,22,50.070,105,69,141
385190,-119.928483,39.529317,5.423,1.98,2008,4,25,3,23,10.100,307,89,-179
245962,-119.919238,39.515230,4.270,0.74,2008,4,25,3,53,13.880,299,77,179
242257,-119.928695,39.527238,3.608,1.37,2008,4,25,4,17,26.520,133,89,167
242258,-119.934562,39.533158,3.221,0.88,2008,4,25,4,18,50.990,319,67,180
245984,-119.927205,39.521643,4.500,0.97,2008,4,25,4,40,2.280,171,69,168
242263,-119.922843,39.517834,4.498,2.17,2008,4,25,4,51,17.330,156,55,-179
242266,-119.920793,39.515466,4.546,1.38,2008,4,25,5,1,20.180,316,67,-179
242269,-119.925594,39.522579,4.244,1.67,2008,4,25,5,29,29.880,169,73,170
242272,-119.929281,39.525431,4.242,1.73,2008,4,25,5,44,26.360,23,47,-76
247301,-119.928760,39.524821,4.371,1.31,2008,4,25,5,44,56.600,178,54,-177
242274,-119.939046,39.524829,2.451,1.64,2008,4,25,6,26,44.070,309,69,-166
242275,-119.930046,39.523938,4.678,1.46,2008,4,25,6,35,55.280,311,54,163
247365,-119.929102,39.525944,3.458,0.88,2008,4,25,6,43,17.740,130,81,172
247368,-119.929150,39.527307,3.507,0.80,2008,4,25,6,43,46.090,305,48,177
242279,-119.926408,39.523433,3.734,1.79,2008,4,25,7,10,8.650,317,49,-147
242280,-119.924528,39.521346,4.131,1.22,2008,4,25,7,14,32.590,171,78,165
242283,-119.923877,39.519482,4.658,1.79,2008,4,25,7,24,53.350,134,87,178
246233,-119.924691,39.520166,4.586,1.29,2008,4,25,7,25,29.410,319,76,163
242286,-119.924967,39.521867,4.178,1.18,2008,4,25,7,30,30.350,321,63,128
246256,-119.921558,39.516272,4.525,1.39,2008,4,25,7,41,3.260,314,64,-165
242290,-119.923885,39.519706,4.657,1.07,2008,4,25,8,23,32.980,309,62,130
242292,-119.916911,39.509599,3.847,0.94,2008,4,25,8,35,17.180,171,66,-174
242293,-119.929728,39.517834,2.847,0.89,2008,4,25,8,37,43.530,294,76,-134
242295,-119.917570,39.519442,4.100,0.89,2008,4,25,8,39,55.400,299,68,-172
242296,-119.919116,39.514962,4.154,3.35,2008,4,25,8,42,58.000,295,82,-176
246340,-119.918156,39.518754,4.161,1.31,2008,4,25,8,45,0.870,311,60,-172
242297,-119.930526,39.523580,4.533,1.49,2008,4,25,8,46,10.190,296,69,143
242307,-119.918237,39.513741,4.482,1.42,2008,4,25,9,31,21.050,304,71,-168
242308,-119.917570,39.519088,3.873,1.03,2008,4,25,10,2,10.250,301,56,-161
242310,-119.922323,39.517065,4.682,0.94,2008,4,25,10,8,26.280,310,60,-151
242312,-119.928768,39.525977,3.486,1.85,2008,4,25,10,16,48.990,132,73,174
242313,-119.929142,39.526225,3.445,1.31,2008,4,25,10,21,14.260,314,64,179
242314,-119.918018,39.518994,4.179,1.00,2008,4,25,10,29,16.070,300,73,-176
242318,-119.919596,39.516976,4.211,1.48,2008,4,25,10,45,41.230,299,69,-178
242320,-119.917944,39.512244,4.043,0.80,2008,4,25,10,51,24.900,304,78,-179
242322,-119.930509,39.523185,4.604,1.14,2008,4,25,10,54,3.840,310,68,157
250586,-119.923063,39.514103,2.712,0.58,2008,4,25,10,54,45.840,325,40,-129
242323,-119.917163,39.519629,4.350,0.67,2008,4,25,10,58,47.900,116,75,165
242324,-119.937020,39.534965,3.415,1.08,2008,4,25,11,5,37.900,129,75,-173
242327,-119.918685,39.518498,4.156,1.63,2008,4,25,11,40,30.620,306,57,-160
242328,-119.921476,39.516654,4.520,1.43,2008,4,25,11,47,7.910,305,71,-166
242329,-119.921053,39.516191,4.544,0.84,2008,4,25,11,48,8.230,316,57,-162
242330,-119.918555,39.513338,4.657,0.73,2008,4,25,11,49,33.300,301,81,168
242332,-119.918416,39.518538,4.226,1.63,2008,4,25,12,7,27.670,300,69,-170
242333,-119.931999,39.527010,3.102,1.43,2008,4,25,12,16,53.760,312,62,169
242336,-119.922648,39.512272,3.092,0.96,2008,4,25,12,39,3.350,299,70,-162
251646,-119.930713,39.524459,4.470,2.88,2008,4,25,12,42,17.630,33,54,-53
242343,-119.933032,39.528337,3.039,1.53,2008,4,25,13,8,58.250,316,64,180
242344,-119.934489,39.528748,4.628,1.49,2008,4,25,13,9,56.350,179,54,-119
242345,-119.922827,39.520036,3.640,0.88,2008,4,25,13,26,3.200,163,83,-161
242346,-119.919629,39.516960,4.239,1.72,2008,4,25,13,38,13.150,297,68,-176
242348,-119.919474,39.515666,4.376,0.77,2008,4,25,13,43,12.040,299,81,-173
242350,-119.916992,39.518559,3.807,0.93,2008,4,25,14,4,22.420,293,63,-165
385483,-119.917684,39.520671,4.198,1.85,2008,4,25,14,4,40.260,288,72,159
250624,-119.916951,39.519983,3.838,0.78,2008,4,25,14,15,32.050,287,84,-175
242355,-119.923543,39.518734,4.661,1.26,2008,4,25,14,22,50.750,306,56,-154
242358,-119.922705,39.517415,4.752,1.06,2008,4,25,15,19,19.200,300,72,138
242359,-119.927572,39.522803,3.286,1.63,2008,4,25,15,22,18.620,301,67,-157
242360,-119.929175,39.525208,3.438,1.69,2008,4,25,15,24,31.850,317,73,-166
242363,-119.928955,39.525399,3.493,1.32,2008,4,25,15,32,3.840,321,59,131
242366,-119.927311,39.525720,3.754,0.96,2008,4,25,15,44,1.090,172,72,164
242370,-119.918050,39.519104,4.201,0.96,2008,4,25,16,4,33.910,299,70,-172
242372,-119.917928,39.519666,4.250,1.63,2008,4,25,16,17,11.010,120,89,-166
250643,-119.917163,39.519218,3.990,1.22,2008,4,25,16,46,33.620,301,74,-180
242378,-119.917407,39.519177,3.882,0.66,2008,4,25,16,59,19.110,284,69,141
242379,-119.916838,39.520431,3.831,0.79,2008,4,25,17,1,19.320,282,62,138
251777,-119.932015,39.527100,3.062,1.01,2008,4,25,17,24,5.100,316,62,155
242381,-119.932381,39.527327,3.042,2.33,2008,4,25,17,26,16.760,318,77,-179
242382,-119.927124,39.523617,3.628,3.11,2008,4,25,17,30,9.760,312,78,-168
251845,-119.926587,39.524540,3.607,0.66,2008,4,25,17,32,1.820,89,37,-75
242386,-119.926603,39.524601,3.816,2.02,2008,4,25,17,36,17.260,170,89,-162
242390,-119.927287,39.523714,3.550,1.40,2008,4,25,17,57,11.020,310,64,169
242391,-119.917448,39.519820,4.130,0.75,2008,4,25,17,58,42.900,120,62,171
242406,-119.927474,39.524007,3.262,1.19,2008,4,25,18,11,5.120,111,79,-158
242405,-119.925578,39.522233,3.686,2.59,2008,4,25,18,38,2.640,314,43,-148
251885,-119.917057,39.519796,3.866,0.97,2008,4,25,18,40,59.080,121,66,167
242411,-119.925114,39.521590,4.178,2.28,2008,4,25,19,23,27.520,163,68,177
242413,-119.918636,39.517969,4.280,2.01,2008,4,25,19,35,57.540,299,65,-169
251897,-119.917863,39.519198,4.129,1.27,2008,4,25,19,36,26.520,301,64,-163
242414,-119.931047,39.523494,4.586,1.04,2008,4,25,19,38,17.800,119,79,-157
242433,-119.929858,39.517737,3.043,0.93,2008,4,25,21,40,17.420,300,74,-138
242439,-119.937484,39.524849,3.120,1.01,2008,4,25,22,1,52.420,305,83,162
242442,-119.934985,39.532837,3.639,1.73,2008,4,25,22,23,16.240,127,76,-175
242449,-119.922030,39.519108,3.620,1.78,2008,4,25,23,3,36.880,134,72,175
242452,-119.924349,39.522001,3.517,2.51,2008,4,25,23,20,26.520,150,75,146
242456,-119.931128,39.523576,4.595,1.54,2008,4,25,23,38,55.480,175,44,-114
252293,-119.933276,39.529911,3.323,1.21,2008,4,25,23,42,40.200,306,63,166
252300,-119.917830,39.517529,3.849,1.62,2008,4,25,23,48,21.880,310,49,-137
252301,-119.932259,39.529443,3.311,2.21,2008,4,25,23,48,25.640,317,83,-170
242462,-119.930672,39.527759,3.361,2.33,2008,4,25,23,59,4.880,138,86,172
242464,-119.931283,39.528247,3.319,1.47,2008,4,26,0,27,45.430,305,71,170
242466,-119.925838,39.520951,3.377,1.08,2008,4,26,0,41,31.110,318,49,-139
242468,-119.925114,39.522892,3.678,1.61,2008,4,26,1,1,37.770,135,76,164
242469,-119.929256,39.525736,3.449,2.44,2008,4,26,1,5,9.880,138,85,172
242473,-119.928296,39.523625,3.474,1.43,2008,4,26,1,9,48.660,160,88,161
242475,-119.925944,39.524215,3.772,1.23,2008,4,26,1,12,3.440,145,89,149
242477,-119.928963,39.526615,3.528,3.87,2008,4,26,1,13,20.580,240,60,-16
291325,-119.933545,39.529602,2.953,1.55,2008,4,26,1,18,8.180,161,89,178
242480,-119.926180,39.523043,3.762,1.53,2008,4,26,1,20,54.770,323,45,-134
242481,-119.931665,39.528768,3.372,0.99,2008,4,26,1,24,43.400,334,26,167
242483,-119.932161,39.528849,3.283,2.45,2008,4,26,1,28,32.230,315,62,-177
247046,-119.931624,39.528251,3.281,1.97,2008,4,26,1,32,38.450,315,64,-177
247206,-119.928825,39.522506,3.063,1.19,2008,4,26,1,41,39.020,163,76,134
242489,-119.942285,39.527600,2.405,1.96,2008,4,26,2,8,43.400,305,59,176
242491,-119.941170,39.528446,2.437,1.64,2008,4,26,2,14,9.390,320,49,-156
242492,-119.931079,39.526709,3.228,1.75,2008,4,26,2,21,32.060,313,54,-170
242495,-119.931934,39.528434,3.204,2.58,2008,4,26,2,40,54.520,311,68,179
242496,-119.928337,39.526029,3.717,1.64,2008,4,26,2,54,14.620,188,51,-83
242504,-119.915454,39.521379,3.946,1.73,2008,4,26,3,52,45.530,310,52,-165
242508,-119.915015,39.521948,3.938,1.33,2008,4,26,4,6,58.910,126,86,170
242509,-119.926034,39.522876,4.130,1.31,2008,4,26,4,13,43.580,304,66,149
242511,-119.925366,39.513147,2.622,1.62,2008,4,26,4,31,59.950,123,76,-173
242512,-119.925391,39.521383,3.412,1.48,2008,4,26,4,43,8.880,302,65,-156
242514,-119.921313,39.538818,4.332,2.01,2008,4,26,4,48,11.570,99,75,160
242518,-119.932625,39.527889,2.785,1.47,2008,4,26,5,22,45.140,129,67,-172
242521,-119.925008,39.521777,4.116,1.47,2008,4,26,6,5,21.130,166,71,-137
278696,-119.931071,39.526855,3.249,1.34,2008,4,26,6,14,21.290,315,83,156
278704,-119.917399,39.517082,3.789,1.26,2008,4,26,6,16,4.920,283,75,-168
242525,-119.917415,39.517362,3.756,1.91,2008,4,26,6,16,53.860,283,72,-169
242527,-119.918571,39.523271,4.167,3.64,2008,4,26,6,39,59.480,155,89,149
385392,-119.922144,39.523189,3.607,5.07,2008,4,26,6,40,10.310,57,82,-6
242528,-119.922127,39.519511,3.439,3.35,2008,4,26,6,43,50.500,142,76,172
242561,-119.925854,39.527108,3.978,3.68,2008,4,26,7,29,19.880,166,47,-33
242605,-119.922412,39.530005,3.305,3.67,2008,4,26,9,11,59.500,25,53,-45
280289,-119.924910,39.526778,3.270,1.48,2008,4,26,9,20,9.010,112,64,145
242612,-119.943270,39.540299,3.236,2.11,2008,4,26,9,27,39.150,111,66,-174
280440,-119.943514,39.540894,3.005,1.13,2008,4,26,9,51,1.050,37,18,-34
242631,-119.924316,39.527043,4.040,2.70,2008,4,26,10,17,12.880,105,80,-158
242632,-119.917131,39.512500,4.529,1.02,2008,4,26,10,20,33.570,305,84,-178
242640,-119.916398,39.512891,3.939,-1.00,2008,4,26,10,30,22.280,293,67,-166
242651,-119.916227,39.511788,4.522,1.89,2008,4,26,10,58,28.670,288,80,134
242654,-119.929842,39.523059,4.734,2.18,2008,4,26,11,13,52.050,310,52,-145
242699,-119.946680,39.537606,2.941,2.01,2008,4,26,13,42,4.190,283,88,161
242705,-119.941300,39.534737,2.970,1.76,2008,4,26,14,10,44.800,101,87,162
242715,-119.918986,39.513790,4.229,2.94,2008,4,26,14,35,28.920,301,59,-172
283280,-119.942855,39.543522,3.157,3.43,2008,4,26,15,20,40.200,38,73,-12
273168,-119.924137,39.518201,4.894,2.47,2008,4,26,15,34,59.980,145,60,178
242746,-119.924910,39.522412,3.089,1.66,2008,4,26,16,12,30.220,305,50,138
283600,-119.918872,39.518359,2.836,1.80,2008,4,26,16,22,23.340,311,72,169
242750,-119.933301,39.524028,4.737,2.22,2008,4,26,16,41,16.280,317,44,-111
283737,-119.916732,39.511674,4.634,1.88,2008,4,26,16,52,48.790,172,51,-138
242765,-119.919865,39.517257,2.841,1.66,2008,4,26,17,53,46.840,129,76,168
242775,-119.919393,39.516142,3.720,1.17,2008,4,26,18,36,8.380,128,43,171
242776,-119.936629,39.532528,2.340,1.20,2008,4,26,18,38,42.520,303,49,169
242786,-119.926457,39.523958,2.976,2.13,2008,4,26,19,27,23.640,315,89,-166
242793,-119.939836,39.536145,3.373,1.89,2008,4,26,20,25,38.680,109,77,-168
242809,-119.927026,39.527563,4.021,1.74,2008,4,26,21,35,27.280,288,57,-146
242843,-119.924715,39.520443,3.445,1.37,2008,4,27,0,3,43.510,300,65,-153
242844,-119.925244,39.522481,4.498,1.17,2008,4,27,0,5,5.520,327,44,160
242845,-119.924748,39.520015,3.432,0.99,2008,4,27,0,5,58.120,315,41,-140
242847,-119.923771,39.521252,3.175,1.01,2008,4,27,0,14,56.970,315,89,-166
242848,-119.924194,39.520667,3.359,1.20,2008,4,27,0,18,7.880,299,75,-168
270936,-119.934424,39.523258,2.425,1.56,2008,4,27,1,4,58.260,129,86,-171
271081,-119.917936,39.511080,3.985,1.50,2008,4,27,2,9,4.490,162,56,-160
271157,-119.913810,39.504671,3.645,1.61,2008,4,27,2,27,51.420,172,74,-169
271369,-119.921484,39.538961,4.482,1.53,2008,4,27,3,36,46.320,106,79,169
242887,-119.938916,39.533972,5.277,1.21,2008,4,27,3,46,43.420,167,49,-121
271679,-119.928768,39.526546,3.081,2.22,2008,4,27,4,56,40.770,316,79,-171
271752,-119.936385,39.533350,2.582,1.60,2008,4,27,5,25,50.050,313,75,-171
242899,-119.915983,39.506921,2.772,1.45,2008,4,27,5,28,13.580,317,72,-172
242900,-119.943490,39.540108,3.306,1.56,2008,4,27,5,30,37.820,113,82,-168
242903,-119.880477,39.492391,4.475,0.93,2008,4,27,5,48,6.840,287,49,168
271910,-119.925391,39.527897,3.184,1.32,2008,4,27,6,13,31.140,127,79,175
242911,-119.948014,39.508264,2.747,1.96,2008,4,27,6,56,39.730,268,88,-170
272078,-119.939079,39.530664,2.308,2.24,2008,4,27,6,58,33.700,309,61,178
272486,-119.922697,39.541886,4.136,2.05,2008,4,27,7,37,45.220,174,47,-115
242919,-119.928898,39.527173,3.433,2.01,2008,4,27,7,43,23.880,312,60,167
242920,-119.928263,39.522831,4.577,1.06,2008,4,27,7,53,37.990,310,56,-133
242921,-119.915609,39.510978,3.960,0.93,2008,4,27,8,16,21.840,298,76,-177
272557,-119.923893,39.529761,5.304,0.98,2008,4,27,8,37,6.770,266,53,129
272849,-119.945947,39.539730,3.295,1.85,2008,4,27,9,28,31.600,107,76,-164
272860,-119.893807,39.493896,4.329,1.96,2008,4,27,9,30,17.660,302,72,160
273006,-119.936938,39.524528,2.889,1.97,2008,4,27,9,43,49.270,312,52,-140
273353,-119.914974,39.511300,4.121,0.83,2008,4,27,10,44,51.320,299,69,-171
242948,-119.920028,39.525179,5.590,1.74,2008,4,27,11,28,3.260,179,52,-118
273563,-119.934969,39.530640,4.620,1.38,2008,4,27,11,38,2.740,133,64,-152
273778,-119.917049,39.540515,4.902,1.41,2008,4,27,12,22,19.710,125,66,-141
273794,-119.918229,39.511129,4.099,0.92,2008,4,27,12,23,34.570,175,73,-178
273840,-119.922868,39.521053,3.098,1.34,2008,4,27,12,26,49.610,309,65,152
242971,-119.925944,39.519295,4.761,1.22,2008,4,27,14,12,13.130,314,52,-133
274506,-119.921257,39.517554,4.155,2.53,2008,4,27,14,41,18.130,308,77,-175
242981,-119.937777,39.535608,2.666,1.69,2008,4,27,15,45,48.020,139,90,-165
242982,-119.937313,39.535006,2.559,1.48,2008,4,27,15,46,25.950,131,88,-164
242983,-119.928556,39.527633,3.297,1.15,2008,4,27,15,56,37.300,105,73,-145
270582,-119.932113,39.538790,4.339,1.58,2008,4,27,15,57,9.590,159,49,-118
242988,-119.908000,39.505640,4.145,1.74,2008,4,27,16,9,31.030,138,64,-175
242989,-119.916195,39.512455,4.866,1.41,2008,4,27,16,14,45.960,305,71,-173
275231,-119.926554,39.518575,2.899,1.76,2008,4,27,16,24,26.220,313,57,144
243001,-119.920695,39.517611,4.429,3.44,2008,4,27,17,49,49.500,304,69,-172
243008,-119.935343,39.526424,2.822,3.21,2008,4,27,18,31,10.220,305,61,-124
277739,-119.927808,39.527197,4.306,2.31,2008,4,27,18,51,8.500,30,69,153
243019,-119.916121,39.512590,4.745,2.09,2008,4,27,19,20,35.840,296,75,179
243021,-119.936369,39.524780,2.429,2.09,2008,4,27,19,25,58.160,304,82,-173
243022,-119.943302,39.541720,3.497,1.41,2008,4,27,19,28,47.480,109,79,-165
243025,-119.940763,39.538513,3.837,-1.00,2008,4,27,19,42,48.320,26,42,-128
278013,-119.944100,39.542069,3.476,1.57,2008,4,27,19,43,56.180,304,49,-180
278024,-119.937695,39.532629,3.113,2.14,2008,4,27,19,46,23.700,132,80,172
243032,-119.936198,39.524316,2.851,1.22,2008,4,27,20,15,43.820,311,65,-115
243034,-119.933952,39.527254,2.638,2.20,2008,4,27,20,26,38.660,303,60,-133
243044,-119.931942,39.528019,2.447,1.35,2008,4,27,20,52,32.720,305,81,-176
278507,-119.912467,39.507552,3.932,1.44,2008,4,27,22,51,59.460,293,67,-163
278518,-119.932853,39.526790,4.644,1.52,2008,4,27,23,3,19.080,304,62,174
243058,-119.923063,39.520125,5.387,2.35,2008,4,27,23,22,9.960,288,68,145
243152,-119.929419,39.527380,3.249,3.98,2008,4,28,11,33,17.890,306,60,162
272995,-119.939006,39.530017,2.251,3.14,2008,4,28,12,12,30.910,312,52,-174
243179,-119.941089,39.540552,3.629,1.29,2008,4,28,12,41,50.890,305,34,-178
271241,-119.911092,39.501884,2.937,1.97,2008,4,28,12,42,14.440,332,81,145
274199,-119.918677,39.512537,4.555,0.37,2008,4,28,12,43,25.760,304,85,158
243212,-119.934318,39.527991,2.654,1.73,2008,4,28,15,28,23.550,313,56,-121
275811,-119.914730,39.505737,3.774,0.81,2008,4,28,15,31,58.840,149,65,-178
243220,-119.924072,39.519466,4.688,1.73,2008,4,28,15,54,36.870,309,61,134
243222,-119.915462,39.507137,2.668,1.66,2008,4,28,16,3,23.120,118,84,-174
243229,-119.943709,39.541309,2.990,2.24,2008,4,28,16,51,20.870,304,69,174
243242,-119.937720,39.541386,6.126,-1.00,2008,4,28,18,45,23.980,98,77,123
271467,-119.935042,39.530070,4.797,1.09,2008,4,28,19,49,14.960,160,65,-179
243267,-119.942651,39.534477,2.002,2.21,2008,4,28,21,2,51.320,325,70,-156
243273,-119.926782,39.524552,3.042,1.94,2008,4,28,21,26,38.400,317,71,-176
243275,-119.924040,39.516610,5.125,2.88,2008,4,28,21,34,2.520,311,84,152
271473,-119.933285,39.530278,3.607,1.22,2008,4,28,22,13,38.140,120,77,-179
243312,-119.922339,39.517098,5.277,1.01,2008,4,29,1,43,37.120,295,77,141
243314,-119.937834,39.535498,2.671,2.43,2008,4,29,1,52,45.630,137,80,-170
243325,-119.937052,39.533695,2.442,1.32,2008,4,29,2,54,26.220,307,67,177
249381,-119.906966,39.505078,4.431,1.79,2008,4,29,3,0,53.170,147,55,-162
243332,-119.939103,39.530684,2.638,2.16,2008,4,29,3,36,57.500,311,52,-174
243333,-119.922176,39.516772,5.301,-1.00,2008,4,29,3,54,21.510,318,64,134
243336,-119.914827,39.505709,3.730,1.53,2008,4,29,4,7,35.220,147,51,-167
243337,-119.938159,39.535404,3.833,1.42,2008,4,29,4,14,34.780,93,81,-172
250046,-119.932275,39.525232,4.608,1.10,2008,4,29,5,19,17.330,168,57,-118
243344,-119.917448,39.510616,5.007,3.08,2008,4,29,5,51,5.290,305,77,146
243347,-119.916447,39.511865,4.835,3.02,2008,4,29,6,1,53.350,132,67,-179
243351,-119.913070,39.509403,4.807,2.33,2008,4,29,6,24,34.620,137,71,170
243355,-119.913721,39.510030,4.790,1.53,2008,4,29,6,39,55.630,169,68,180
243358,-119.912606,39.509245,4.765,1.32,2008,4,29,6,57,54.380,145,55,166
243359,-119.888826,39.490975,4.023,1.85,2008,4,29,7,2,14.380,284,73,173
243378,-119.925293,39.518795,4.733,2.30,2008,4,29,11,45,8.210,312,60,-158
243380,-119.923519,39.520081,5.432,1.87,2008,4,29,12,7,29.350,111,55,157
243385,-119.950488,39.544755,3.283,1.76,2008,4,29,13,50,0.230,120,77,-170
243388,-119.949268,39.537781,3.624,1.62,2008,4,29,14,8,58.930,115,67,-172
243391,-119.911629,39.503463,3.537,1.36,2008,4,29,14,58,1.710,154,62,-164
243431,-119.918294,39.509216,3.561,2.50,2008,4,29,21,14,33.960,306,41,-123
243458,-119.921313,39.514616,5.420,2.46,2008,4,30,1,46,13.870,306,80,141
243465,-119.939591,39.535832,3.403,0.93,2008,4,30,3,40,7.290,97,88,-162
243467,-119.924463,39.518298,4.821,1.92,2008,4,30,4,42,1.390,304,56,-129
247778,-119.933439,39.525651,4.893,1.24,2008,4,30,6,31,51.020,183,48,-110
243479,-119.916935,39.508634,3.908,1.90,2008,4,30,7,23,27.490,170,73,-172
243484,-119.936865,39.498083,3.307,1.28,2008,4,30,8,35,59.880,305,84,-168
243486,-119.917204,39.512366,4.353,1.73,2008,4,30,9,11,15.860,294,77,-175
243490,-119.903467,39.501847,4.131,1.23,2008,4,30,9,19,38.460,143,70,-173
243492,-119.914193,39.505640,3.860,1.63,2008,4,30,10,3,18.250,299,72,180
243494,-119.914933,39.505782,3.782,2.19,2008,4,30,10,34,47.650,159,58,-164
243499,-119.914315,39.505212,3.860,0.82,2008,4,30,13,15,19.570,297,76,-145
243501,-119.941170,39.540271,3.782,0.66,2008,4,30,13,23,17.980,209,36,-72
243503,-119.941829,39.533805,5.459,1.28,2008,4,30,14,15,49.410,337,49,-102
243519,-119.935278,39.530579,4.647,1.30,2008,4,30,17,45,56.300,190,52,-150
243532,-119.932926,39.524500,4.894,1.51,2008,4,30,18,59,48.320,24,45,-83
243540,-119.942212,39.543335,3.073,1.69,2008,4,30,20,41,48.560,125,74,-177
243542,-119.923568,39.521240,3.392,1.48,2008,4,30,20,56,58.920,299,65,142
243543,-119.944336,39.542761,3.120,1.50,2008,4,30,21,6,27.400,122,83,-156
243547,-119.932137,39.523999,4.857,1.02,2008,4,30,21,26,59.360,13,44,-76
243561,-119.920679,39.543848,4.243,1.45,2008,4,30,23,5,54.820,314,67,-160
243569,-119.915959,39.507715,3.797,1.25,2008,5,1,1,20,34.170,160,65,-165
243572,-119.917521,39.540662,4.878,1.97,2008,5,1,2,30,11.000,115,81,156
243573,-119.911532,39.509241,4.636,1.15,2008,5,1,2,37,2.560,305,63,-175
243582,-119.960514,39.549622,3.911,2.22,2008,5,1,4,10,51.080,122,86,-163
243590,-119.962240,39.550781,3.776,1.00,2008,5,1,6,40,16.220,123,74,-170
243595,-119.917489,39.512390,4.191,0.65,2008,5,1,7,13,35.620,307,69,-178
243596,-119.939608,39.538904,3.938,2.49,2008,5,1,7,26,50.030,326,60,-171
243597,-119.940186,39.538456,3.818,1.49,2008,5,1,7,28,34.480,317,45,180
243599,-119.911043,39.509619,4.625,1.27,2008,5,1,7,47,49.310,320,62,-171
247846,-119.915649,39.511694,3.971,1.46,2008,5,1,8,32,13.010,305,66,-174
243606,-119.915690,39.515804,5.799,1.48,2008,5,1,8,56,22.030,119,76,-166
243607,-119.918742,39.509587,2.351,1.83,2008,5,1,9,4,51.770,318,60,-173
243609,-119.916081,39.511328,3.908,1.02,2008,5,1,9,51,47.330,163,66,-174
243610,-119.961239,39.549959,3.694,1.66,2008,5,1,9,52,44.640,120,76,-179
243613,-119.941821,39.544877,3.292,1.99,2008,5,1,10,14,42.470,89,85,-173
243619,-119.916040,39.543709,4.650,1.14,2008,5,1,12,55,24.100,341,85,-117
243626,-119.960791,39.549646,3.961,1.30,2008,5,1,14,56,33.680,118,71,170
243628,-119.923674,39.519177,5.453,1.50,2008,5,1,15,16,52.890,301,74,153
243636,-119.935197,39.528076,2.775,1.08,2008,5,1,16,55,44.390,326,43,-109
243658,-119.920809,39.541402,4.071,2.36,2008,5,1,20,14,14.380,302,76,168
243659,-119.922021,39.541374,3.995,1.74,2008,5,1,20,17,43.660,168,69,-108
243660,-119.922705,39.541720,4.132,1.60,2008,5,1,20,21,18.480,167,53,-110
243661,-119.961580,39.547823,3.923,1.73,2008,5,1,20,31,50.960,305,49,-162
243674,-119.913704,39.509298,4.501,1.38,2008,5,1,21,47,25.400,173,68,179
243686,-119.915243,39.543579,4.835,1.37,2008,5,1,23,45,21.920,24,42,-74
243687,-119.920304,39.541174,4.301,1.41,2008,5,1,23,47,14.280,114,80,150
243688,-119.922249,39.517851,4.184,0.98,2008,5,1,23,53,10.080,314,72,133
243692,-119.939071,39.539596,3.870,1.16,2008,5,2,0,36,47.730,143,58,-175
243701,-119.921151,39.518909,3.522,1.05,2008,5,2,1,49,52.850,312,64,128
252954,-119.939819,39.533032,2.731,2.23,2008,5,2,4,8,20.060,321,58,-135
253084,-119.915853,39.511768,4.564,0.81,2008,5,2,5,12,13.590,314,70,-171
243732,-119.934196,39.523315,2.430,1.29,2008,5,2,6,11,38.440,310,71,-176
243735,-119.915365,39.512000,3.523,1.46,2008,5,2,6,35,59.070,151,63,-167
243740,-119.919491,39.542525,4.335,1.79,2008,5,2,7,30,36.900,98,88,160
243747,-119.919702,39.515776,3.821,1.11,2008,5,2,8,28,53.230,145,60,-175
243749,-119.942082,39.544291,3.265,2.24,2008,5,2,8,56,9.670,101,88,179
243752,-119.911776,39.517952,5.769,1.67,2008,5,2,10,19,22.610,296,62,-170
243757,-119.909945,39.510653,4.745,1.86,2008,5,2,10,53,37.030,153,71,-176
243758,-119.925757,39.514469,2.360,1.45,2008,5,2,11,13,42.140,316,66,-164
243763,-119.919491,39.541410,4.478,2.47,2008,5,2,12,26,14.370,101,82,162
243764,-119.919564,39.542786,4.421,1.37,2008,5,2,12,30,21.770,113,74,172
248319,-119.919230,39.542721,4.417,2.05,2008,5,2,13,53,29.560,122,89,163
243773,-119.915259,39.512183,3.536,2.41,2008,5,2,14,18,23.390,318,62,180
243780,-119.901701,39.500305,4.029,0.64,2008,5,2,15,47,57.940,161,62,-156
243788,-119.924569,39.524829,4.142,2.93,2008,5,2,17,11,54.980,304,72,-167
243822,-119.913647,39.510087,3.785,1.29,2008,5,2,20,20,21.600,307,61,-174
243841,-119.914624,39.510213,4.897,1.92,2008,5,2,22,25,59.680,140,75,172
257863,-119.956925,39.548136,4.378,1.04,2008,5,3,0,4,39.300,110,74,-177
243866,-119.911759,39.509151,4.731,2.00,2008,5,3,2,7,3.670,318,53,-143
243872,-119.912720,39.516382,5.630,1.52,2008,5,3,3,33,30.790,132,74,164
243879,-119.934326,39.525635,4.818,1.91,2008,5,3,5,40,53.350,21,52,-83
243880,-119.901530,39.500155,3.942,1.07,2008,5,3,5,43,26.310,168,65,-163
257814,-119.925033,39.518140,5.499,0.41,2008,5,3,6,7,29.210,138,68,170
243884,-119.954712,39.547380,3.014,0.95,2008,5,3,6,13,9.540,119,81,-161
257815,-119.913704,39.508337,4.091,0.80,2008,5,3,6,49,20.840,301,81,173
243887,-119.938534,39.535465,3.399,1.87,2008,5,3,7,49,36.980,126,89,159
243891,-119.914811,39.509985,4.147,0.64,2008,5,3,8,16,51.400,143,88,-177
243894,-119.915625,39.507601,4.831,2.05,2008,5,3,8,49,58.180,12,45,-97
243895,-119.915177,39.507141,4.797,1.26,2008,5,3,8,54,45.320,154,50,-158
243899,-119.934180,39.525293,4.921,0.86,2008,5,3,9,16,21.230,178,46,-117
243901,-119.939567,39.536426,3.474,2.83,2008,5,3,9,26,34.270,314,83,-156
243907,-119.940063,39.536076,3.304,1.23,2008,5,3,10,24,43.460,98,87,139
243909,-119.916764,39.512598,3.897,1.11,2008,5,3,10,36,26.520,301,64,-179
243912,-119.921842,39.538896,3.916,1.70,2008,5,3,10,58,3.130,321,34,-114
243919,-119.921313,39.540617,3.818,1.58,2008,5,3,12,31,52.720,321,42,-116
243921,-119.960677,39.549556,3.973,1.64,2008,5,3,12,52,9.520,117,85,-173
243922,-119.940283,39.537012,3.514,1.61,2008,5,3,12,53,23.300,317,53,-178
243923,-119.959766,39.550269,3.895,1.87,2008,5,3,13,1,4.710,125,81,-175
243924,-119.960677,39.549683,4.078,1.00,2008,5,3,13,5,19.240,282,83,-133
243926,-119.919792,39.513558,3.863,1.96,2008,5,3,13,35,36.500,152,65,-176
243927,-119.916667,39.513741,4.613,0.69,2008,5,3,13,41,17.200,302,62,-180
243928,-119.959342,39.549674,2.652,1.82,2008,5,3,13,50,39.200,301,89,-172
243929,-119.918441,39.511849,4.195,0.89,2008,5,3,13,53,27.320,316,66,-176
243930,-119.960107,39.549776,4.082,1.76,2008,5,3,14,2,29.210,126,74,-179
243933,-119.917147,39.509603,3.961,1.23,2008,5,3,14,32,51.280,165,52,-163
243942,-119.960514,39.549654,4.162,1.73,2008,5,3,16,36,45.040,314,48,-170
243944,-119.961060,39.548954,4.182,1.75,2008,5,3,16,50,6.200,316,42,-162
243947,-119.910710,39.509737,4.552,1.42,2008,5,3,17,16,40.760,122,58,-179
243961,-119.915828,39.510701,4.538,2.00,2008,5,3,19,56,42.600,160,63,-171
243977,-119.914974,39.510726,4.910,1.41,2008,5,3,22,8,51.220,138,75,173
258463,-119.924878,39.521810,3.603,1.60,2008,5,4,0,58,30.650,310,63,-163
243999,-119.925065,39.520809,3.623,1.99,2008,5,4,1,6,44.610,310,50,-167
244000,-119.924512,39.521973,3.712,1.30,2008,5,4,1,29,42.950,310,57,130
244003,-119.958219,39.547595,3.602,1.97,2008,5,4,2,36,42.000,125,82,-168
244007,-119.958105,39.547481,3.639,1.09,2008,5,4,3,11,25.280,128,74,-176
244024,-119.961117,39.548279,3.913,2.08,2008,5,4,8,7,42.940,123,83,-178
244029,-119.914966,39.512142,4.231,2.69,2008,5,4,9,22,24.870,290,53,177
244034,-119.927230,39.523328,4.678,1.44,2008,5,4,10,21,36.510,305,55,-179
258120,-119.922241,39.515942,4.538,0.64,2008,5,4,11,50,18.280,315,68,-165
244042,-119.931698,39.529419,3.618,1.36,2008,5,4,12,45,51.300,121,78,170
244046,-119.961613,39.547892,3.855,1.18,2008,5,4,15,59,23.740,108,81,179
244047,-119.960970,39.548535,3.890,1.49,2008,5,4,16,53,18.730,284,90,-128
244054,-119.913883,39.505005,3.690,1.14,2008,5,4,19,4,23.860,180,81,154
244057,-119.920931,39.518359,4.284,2.38,2008,5,4,20,16,4.700,299,62,-174
244064,-119.909635,39.500936,2.992,1.46,2008,5,4,20,54,22.200,339,89,-158
244070,-119.920369,39.517501,3.773,1.59,2008,5,4,22,21,21.640,147,78,180
244071,-119.920850,39.518229,3.789,1.94,2008,5,4,22,23,27.480,142,73,174
244072,-119.959578,39.550484,4.270,1.14,2008,5,4,23,7,54.700,109,85,115
244073,-119.960246,39.550041,4.149,2.21,2008,5,4,23,8,26.640,120,80,-171
244077,-119.960042,39.550635,4.182,1.69,2008,5,4,23,36,51.740,294,89,-125
244080,-119.960921,39.548507,4.100,1.26,2008,5,5,0,7,26.270,125,69,179
244082,-119.959513,39.551050,4.171,1.84,2008,5,5,0,29,33.740,124,73,-179
244084,-119.951123,39.545504,3.014,0.93,2008,5,5,0,59,1.120,119,80,-162
244085,-119.961711,39.547367,3.825,1.08,2008,5,5,1,11,24.440,124,65,-163
244093,-119.915063,39.513033,4.276,1.81,2008,5,5,3,32,4.050,287,77,177
244101,-119.956193,39.546257,3.584,1.41,2008,5,5,5,12,52.190,125,77,-162
244104,-119.919621,39.508325,2.305,1.62,2008,5,5,5,57,36.100,127,72,168
244106,-119.916667,39.511397,4.486,0.89,2008,5,5,6,21,24.690,309,86,-175
244108,-119.959798,39.550472,4.146,2.04,2008,5,5,6,40,7.820,302,79,-147
244121,-119.963216,39.548743,4.489,2.77,2008,5,5,11,9,54.080,124,83,-178
244123,-119.959294,39.550871,4.032,1.63,2008,5,5,11,16,56.790,126,75,-169
244128,-119.961304,39.549353,3.803,2.42,2008,5,5,13,0,57.740,121,85,173
244137,-119.912736,39.510933,4.215,1.65,2008,5,5,16,54,41.780,287,78,171
244145,-119.922795,39.517159,5.278,0.83,2008,5,5,17,51,50.400,296,66,161
244154,-119.917928,39.513997,4.348,1.72,2008,5,5,18,53,19.960,305,80,-179
244199,-119.912419,39.508565,4.869,0.89,2008,5,5,23,57,15.600,305,64,-157
244202,-119.940438,39.540031,3.713,1.46,2008,5,6,0,27,17.610,306,66,-174
244207,-119.913436,39.515023,5.810,0.83,2008,5,6,3,9,54.340,110,83,157
244208,-119.912508,39.517830,5.596,1.00,2008,5,6,4,43,45.200,127,75,174
244214,-119.886450,39.485763,3.919,1.19,2008,5,6,7,46,5.550,289,77,176
244218,-119.886003,39.486731,3.938,2.46,2008,5,6,8,41,43.960,299,66,-178
244225,-119.886328,39.486149,3.934,0.72,2008,5,6,9,3,14.110,286,81,-180
244226,-119.886353,39.485701,3.914,0.98,2008,5,6,9,17,30.860,289,68,176
244231,-119.886076,39.486222,3.991,2.49,2008,5,6,10,9,30.740,290,80,-179
244239,-119.884546,39.488619,3.964,1.12,2008,5,6,10,58,22.060,290,76,176
244240,-119.885262,39.487744,3.857,1.98,2008,5,6,11,3,13.120,288,79,-176
244247,-119.884904,39.487467,4.117,1.03,2008,5,6,13,41,46.690,290,58,178
244250,-119.884538,39.488452,4.012,1.04,2008,5,6,14,32,54.550,289,74,172
244264,-119.951465,39.545654,2.843,1.56,2008,5,6,17,48,4.800,116,84,-176
244280,-119.884684,39.488110,3.978,1.63,2008,5,6,18,57,10.000,286,84,-180
244290,-119.962118,39.551746,4.063,1.73,2008,5,6,19,19,29.760,126,78,-164
244300,-119.922786,39.517660,5.191,0.94,2008,5,6,19,44,29.760,314,84,137
244302,-119.962158,39.548401,3.825,1.09,2008,5,6,19,50,48.000,126,77,-172
244328,-119.963379,39.552201,4.139,1.82,2008,5,6,22,27,28.480,126,83,-167
244339,-119.960246,39.550334,3.802,1.93,2008,5,6,23,33,39.320,125,89,-170
244357,-119.920288,39.542537,3.884,1.03,2008,5,7,2,17,47.930,84,53,135
258177,-119.951066,39.493005,3.410,0.92,2008,5,7,2,21,18.460,301,72,174
244355,-119.931095,39.516703,2.481,2.51,2008,5,7,2,32,0.800,322,35,-171
244359,-119.917155,39.511125,5.048,1.41,2008,5,7,2,49,1.860,134,61,162
285872,-119.915747,39.508053,3.404,1.14,2008,5,7,2,57,58.270,147,87,146
285878,-119.918604,39.512301,4.223,1.34,2008,5,7,3,13,43.490,126,85,168
244367,-119.952417,39.545972,4.372,2.54,2008,5,7,4,3,20.820,123,83,-168
244369,-119.922314,39.518355,4.588,1.14,2008,5,7,4,34,46.060,153,50,-171
244375,-119.922640,39.523836,6.045,0.95,2008,5,7,6,21,49.680,151,33,-167
244378,-119.960986,39.551058,4.488,1.49,2008,5,7,8,5,1.060,126,78,-176
286294,-119.961011,39.550989,4.557,1.15,2008,5,7,8,16,35.930,127,71,-165
488240,-119.925309,39.523047,3.283,2.15,2008,5,7,20,32,21.660,142,83,138
248878,-119.927515,39.526522,2.258,1.56,2008,5,7,22,24,33.700,322,84,-151
244491,-119.961898,39.549487,4.545,1.10,2008,5,8,0,33,48.620,123,61,-169
247015,-119.916203,39.512695,4.532,0.70,2008,5,8,1,0,25.680,135,83,162
244495,-119.921558,39.519539,2.903,1.99,2008,5,8,1,1,31.040,133,68,172
244498,-119.897087,39.492204,4.094,1.36,2008,5,8,1,37,33.950,284,84,-159
247142,-119.923372,39.521212,3.144,1.08,2008,5,8,1,42,17.800,157,87,157
244503,-119.919670,39.541927,4.322,2.60,2008,5,8,2,47,39.350,113,81,170
247235,-119.920662,39.540987,4.354,1.91,2008,5,8,2,48,45.810,112,77,158
247279,-119.921200,39.539998,4.347,2.18,2008,5,8,2,48,51.010,99,58,165
247232,-119.920907,39.540894,4.440,2.34,2008,5,8,2,49,5.150,106,69,158
247312,-119.921322,39.540059,4.320,2.49,2008,5,8,2,57,29.410,117,78,176
244507,-119.922843,39.516691,5.231,1.67,2008,5,8,3,10,32.910,117,52,167
244508,-119.921191,39.540365,4.185,1.02,2008,5,8,3,20,17.580,125,79,177
244513,-119.959416,39.548124,3.870,1.49,2008,5,8,4,40,38.570,124,80,-162
244517,-119.921077,39.515719,5.370,1.61,2008,5,8,5,46,23.300,171,61,-160
247350,-119.920247,39.539937,3.906,3.45,2008,5,8,5,55,1.360,124,61,-157
244520,-119.920833,39.540308,4.452,1.98,2008,5,8,6,3,11.120,106,76,161
244523,-119.962467,39.551436,3.983,1.63,2008,5,8,6,30,55.250,125,78,-177
244524,-119.920662,39.538180,4.536,2.08,2008,5,8,6,32,2.380,186,32,-80
247776,-119.920158,39.543437,4.090,1.81,2008,5,8,7,5,21.120,294,88,-167
244541,-119.919564,39.541561,4.543,1.48,2008,5,8,9,47,27.270,103,70,177
244542,-119.933651,39.528300,4.620,0.65,2008,5,8,10,4,15.300,42,57,-66
244545,-119.933089,39.525578,4.807,0.91,2008,5,8,10,32,10.660,134,74,-161
244549,-119.934904,39.533248,2.659,0.88,2008,5,8,11,17,4.550,136,66,-168
244571,-119.918083,39.542550,3.446,0.91,2008,5,8,11,43,8.810,288,72,-140
244553,-119.920426,39.542468,4.013,0.97,2008,5,8,13,8,9.540,103,69,178
244566,-119.922567,39.538403,3.913,1.72,2008,5,8,15,27,47.620,319,46,-134
244573,-119.920841,39.545894,3.968,0.93,2008,5,8,17,6,21.680,158,64,-105
244609,-119.931795,39.524548,4.722,1.71,2008,5,9,0,28,37.420,136,69,176
244615,-119.925464,39.543998,4.295,2.08,2008,5,9,1,19,16.030,327,69,-132
244617,-119.963460,39.551538,4.315,1.73,2008,5,9,1,37,22.860,125,76,-170
244618,-119.930208,39.521358,4.649,2.21,2008,5,9,2,4,5.530,135,62,157
264922,-119.933000,39.524312,4.820,1.77,2008,5,9,2,16,28.140,187,46,-114
244625,-119.918026,39.546501,2.937,0.88,2008,5,9,4,7,34.110,319,87,176
244633,-119.929606,39.522428,4.780,1.06,2008,5,9,5,40,15.360,311,71,-152
244634,-119.923258,39.540259,4.024,1.11,2008,5,9,5,46,21.190,30,40,-56
244646,-119.910213,39.545785,3.870,1.24,2008,5,9,8,56,5.210,117,72,175
264612,-119.962231,39.552657,4.379,0.51,2008,5,9,10,9,50.800,327,77,160
244660,-119.962183,39.552812,4.332,1.09,2008,5,9,12,37,11.000,321,66,-174
244671,-119.922217,39.539522,4.156,1.70,2008,5,9,15,13,10.790,127,75,-163
244676,-119.918669,39.505688,2.819,1.06,2008,5,9,16,36,46.910,317,66,-165
244679,-119.954411,39.548560,3.096,1.39,2008,5,9,17,11,48.360,126,69,-167
244692,-119.921997,39.523645,2.230,1.11,2008,5,9,18,21,53.940,131,62,170
244694,-119.921134,39.522530,2.382,1.60,2008,5,9,18,39,3.640,140,71,173
244704,-119.955534,39.545707,3.489,1.71,2008,5,9,20,51,15.980,126,77,-164
244770,-119.920841,39.540007,4.364,2.67,2008,5,10,2,42,15.090,107,71,160
265178,-119.932699,39.525798,4.524,1.59,2008,5,10,3,6,28.580,143,60,-167
244782,-119.967017,39.553821,3.587,1.34,2008,5,10,5,2,18.640,125,81,177
244810,-119.913566,39.507312,3.587,0.96,2008,5,10,9,35,40.280,138,65,175
244812,-119.923975,39.542106,3.677,1.31,2008,5,10,9,57,30.040,306,74,-144
269813,-119.924040,39.541789,3.676,0.69,2008,5,10,9,59,42.780,308,76,-144
244819,-119.962834,39.553743,4.311,0.76,2008,5,10,11,51,5.950,324,62,156
244829,-119.919637,39.544747,3.700,1.27,2008,5,10,13,55,19.260,309,65,-124
244831,-119.915942,39.499463,2.861,1.46,2008,5,10,15,18,23.110,173,60,-140
244835,-119.922778,39.516333,4.582,1.79,2008,5,10,16,52,6.680,317,66,131
244837,-119.919059,39.539990,4.220,1.78,2008,5,10,17,28,54.760,130,84,-152
244846,-119.961865,39.547510,3.933,1.54,2008,5,10,19,1,3.800,284,84,-129
244856,-119.964494,39.552466,3.681,1.48,2008,5,10,21,26,2.580,293,86,158
244857,-119.920280,39.509741,2.594,1.89,2008,5,10,22,0,14.940,321,75,-133
244862,-119.938656,39.534859,2.687,1.60,2008,5,10,23,20,7.360,307,54,-132
244867,-119.963192,39.552999,4.244,1.15,2008,5,11,0,33,21.480,319,62,178
244920,-119.962500,39.552612,4.333,1.84,2008,5,11,7,6,7.720,319,86,173
244948,-119.940039,39.534603,3.152,1.47,2008,5,11,11,48,29.440,308,60,-175
244950,-119.910376,39.547559,3.891,1.41,2008,5,11,11,57,9.700,156,74,-163
244975,-119.915666,39.514111,3.883,1.45,2008,5,11,20,31,19.140,167,61,-173
244995,-119.923641,39.518412,4.667,0.72,2008,5,12,3,7,30.490,315,59,125
244996,-119.923088,39.512252,2.217,1.10,2008,5,12,4,33,16.260,313,62,-158
245011,-119.918604,39.537895,4.762,1.28,2008,5,12,8,22,10.720,131,84,-158
245012,-119.911898,39.515877,5.593,0.63,2008,5,12,8,35,9.970,123,63,153
245016,-119.920093,39.535547,4.756,0.77,2008,5,12,9,35,7.700,96,68,149
245027,-119.910758,39.501562,2.680,1.68,2008,5,12,11,16,18.840,159,68,-160
269963,-119.919954,39.543062,4.118,0.92,2008,5,12,22,35,46.720,304,83,-160
245110,-119.910010,39.509387,3.978,0.96,2008,5,13,0,10,46.980,309,74,-160
245131,-119.918221,39.514950,4.173,0.79,2008,5,13,3,11,14.680,128,63,153
245136,-119.920182,39.515548,4.333,1.82,2008,5,13,5,5,8.870,138,68,-178
245137,-119.911995,39.516243,5.641,0.67,2008,5,13,5,25,13.810,116,60,156
245139,-119.934904,39.535079,1.782,1.04,2008,5,13,5,33,29.700,103,84,169
245147,-119.920125,39.540365,4.357,0.95,2008,5,13,9,52,43.330,97,65,156
245148,-119.924764,39.530151,5.258,1.33,2008,5,13,10,17,7.160,109,56,163
245152,-119.917871,39.512964,4.733,1.36,2008,5,13,14,29,8.220,176,37,-163
270173,-119.913045,39.510494,4.505,1.22,2008,5,13,15,33,24.640,170,51,-165
245156,-119.933024,39.529199,2.857,1.03,2008,5,13,16,4,22.040,352,85,-159
245165,-119.932568,39.527580,5.657,1.16,2008,5,13,16,55,51.720,175,45,-117
245166,-119.931372,39.527543,5.692,0.62,2008,5,13,17,0,55.600,312,43,-163
245216,-119.916536,39.508240,3.825,2.49,2008,5,13,19,47,37.560,156,58,-165
245230,-119.913704,39.506291,3.634,1.19,2008,5,13,21,5,56.000,297,82,170
245256,-119.943164,39.542468,3.254,1.63,2008,5,13,23,49,21.880,297,73,-173
245258,-119.960913,39.548694,4.736,1.50,2008,5,14,0,19,7.500,119,71,-171
245263,-119.917179,39.536365,4.655,0.92,2008,5,14,1,20,20.430,95,66,167
245267,-119.914453,39.508606,3.836,1.08,2008,5,14,2,53,26.150,295,82,174
245281,-119.963770,39.551864,4.224,1.01,2008,5,14,5,44,29.710,125,70,-164
245657,-119.935181,39.515381,2.140,1.81,2008,5,14,9,13,54.840,318,58,-148
245293,-119.939771,39.538444,2.976,1.47,2008,5,14,9,24,39.670,148,61,168
245300,-119.938477,39.536239,2.912,1.71,2008,5,14,10,30,20.800,148,87,179
245303,-119.918848,39.538114,4.658,1.67,2008,5,14,12,0,54.280,153,60,-128
245308,-119.906291,39.502763,4.615,1.49,2008,5,14,15,6,34.430,159,57,-161
245315,-119.942887,39.540715,3.276,1.25,2008,5,14,16,23,24.430,127,81,-167
245339,-119.912874,39.511283,3.939,2.70,2008,5,14,18,52,5.160,319,65,-148
245353,-119.913395,39.509969,3.931,1.87,2008,5,14,19,26,8.800,312,89,-159
245370,-119.945622,39.534196,4.449,1.87,2008,5,14,21,6,3.360,109,87,137
245407,-119.925448,39.543188,4.652,1.75,2008,5,15,0,30,51.300,325,68,-121
245425,-119.931803,39.525688,1.969,0.92,2008,5,15,2,35,1.860,309,68,-171
245419,-119.962826,39.552848,4.518,0.85,2008,5,15,2,36,42.930,334,66,179
245437,-119.913924,39.506571,4.223,0.62,2008,5,15,6,39,32.840,171,62,-176
245440,-119.940120,39.536589,3.947,1.56,2008,5,15,6,51,29.930,117,74,-167
245443,-119.912907,39.505245,4.213,0.77,2008,5,15,7,14,21.220,153,47,-172
245444,-119.921118,39.515763,4.576,0.96,2008,5,15,7,15,36.640,164,75,177
245446,-119.926408,39.544645,4.622,2.15,2008,5,15,9,12,27.890,343,68,-150
245450,-119.918254,39.513969,4.598,1.04,2008,5,15,12,16,56.540,319,84,-174
245452,-119.919661,39.541915,3.969,1.64,2008,5,15,13,40,59.570,119,76,176
245454,-119.919751,39.540238,4.008,3.31,2008,5,15,13,44,48.140,305,90,172
245458,-119.920719,39.542025,3.963,1.33,2008,5,15,15,34,57.820,114,69,178
245460,-119.922754,39.540845,3.986,1.69,2008,5,15,15,40,18.470,31,46,-61
245502,-119.922933,39.535396,4.667,1.51,2008,5,15,20,14,12.780,173,42,-116
246888,-119.923120,39.535763,4.658,1.34,2008,5,15,20,16,18.540,186,40,-103
245980,-119.922266,39.536629,3.737,1.89,2008,5,15,23,6,48.620,119,88,153
245559,-119.912907,39.540454,3.299,0.99,2008,5,16,3,9,2.590,109,85,166
245596,-119.942017,39.540735,3.682,1.74,2008,5,16,12,42,15.840,296,55,167
245601,-119.943001,39.540133,3.711,1.35,2008,5,16,13,28,3.590,298,73,-171
245603,-119.962793,39.553495,4.337,0.97,2008,5,16,14,18,34.730,317,62,-175
245640,-119.952262,39.545581,3.119,1.94,2008,5,16,18,39,49.540,122,82,-169
245666,-119.942497,39.540438,3.737,1.77,2008,5,16,21,39,44.720,299,87,-140
245667,-119.942456,39.540873,3.776,2.55,2008,5,16,21,42,2.820,294,90,-139
245685,-119.958057,39.549402,3.152,1.64,2008,5,16,23,39,37.720,123,70,177
245695,-119.951839,39.545007,3.382,2.15,2008,5,17,1,6,17.140,125,84,-173
245696,-119.951326,39.545544,3.368,2.02,2008,5,17,1,9,28.540,125,85,-172
245698,-119.951164,39.545630,3.464,1.72,2008,5,17,1,49,13.150,125,81,-165
245700,-119.923470,39.542094,3.861,0.83,2008,5,17,2,14,10.550,328,48,-132
245705,-119.923600,39.540283,3.830,2.34,2008,5,17,3,52,49.800,308,65,-146
245711,-119.936084,39.533346,3.779,0.80,2008,5,17,7,47,17.240,300,47,174
245723,-119.957064,39.546635,3.590,2.44,2008,5,17,9,47,27.260,124,81,-166
245734,-119.918978,39.544450,3.686,2.05,2008,5,17,17,7,56.480,169,41,-60
245745,-119.912874,39.509424,4.810,1.00,2008,5,17,20,3,27.960,119,81,148
245748,-119.919165,39.545496,3.611,1.67,2008,5,17,20,43,54.440,305,62,-122
245766,-119.917106,39.511715,4.524,1.12,2008,5,17,22,26,10.080,141,86,171
245769,-119.923771,39.540918,3.870,1.64,2008,5,17,23,38,46.480,313,65,-125
245770,-119.924373,39.540409,3.906,1.13,2008,5,17,23,40,36.000,319,46,-120
245779,-119.913403,39.541732,3.386,0.94,2008,5,18,1,12,0.050,296,83,-170
245786,-119.920158,39.547668,3.697,0.74,2008,5,18,3,4,20.260,168,43,-113
245788,-119.941740,39.539254,3.592,1.14,2008,5,18,3,56,24.190,271,43,135
245794,-119.942383,39.540084,3.611,2.00,2008,5,18,6,14,52.750,359,68,-132
245796,-119.945923,39.540535,3.045,1.31,2008,5,18,7,58,1.880,121,75,-166
245797,-119.915430,39.542676,3.258,0.77,2008,5,18,8,22,33.160,332,33,-128
245800,-119.918042,39.546350,3.563,2.77,2008,5,18,8,44,19.770,311,64,-136
245826,-119.917513,39.548682,3.585,1.27,2008,5,18,13,0,25.210,295,76,-160
245830,-119.900944,39.496627,3.757,1.28,2008,5,18,14,21,1.200,177,49,-125
245831,-119.913965,39.547953,3.065,0.74,2008,5,18,14,39,31.070,311,74,-154
245833,-119.917725,39.548572,3.573,1.45,2008,5,18,15,40,29.500,309,72,-144
245837,-119.918604,39.545459,3.441,1.11,2008,5,18,17,21,22.460,304,70,-151
245843,-119.916829,39.535775,4.581,1.55,2008,5,18,18,28,12.000,93,72,165
245853,-119.922103,39.546464,3.813,1.16,2008,5,18,21,28,33.440,321,32,-117
246163,-119.920483,39.547131,3.735,1.12,2008,5,18,21,41,2.480,201,47,-53
245859,-119.923511,39.542236,3.473,0.90,2008,5,18,23,22,36.520,168,55,-119
245860,-119.917700,39.540967,3.697,0.49,2008,5,18,23,27,54.500,164,69,-107
245864,-119.939518,39.539787,3.775,1.19,2008,5,19,0,38,46.940,311,63,-176
245871,-119.920190,39.549443,3.722,1.81,2008,5,19,4,52,1.360,204,47,-38
245873,-119.948820,39.504244,2.357,1.33,2008,5,19,6,10,7.040,133,89,161
245885,-119.943091,39.539844,3.747,1.27,2008,5,19,10,54,26.870,101,90,128
245894,-119.923836,39.519657,5.476,1.30,2008,5,19,13,55,51.700,270,51,119
245931,-119.920622,39.548690,3.732,1.54,2008,5,19,19,25,1.640,308,63,-124
245946,-119.958496,39.547917,3.883,2.05,2008,5,19,20,30,53.960,124,81,-169
246000,-119.925952,39.538721,3.585,1.18,2008,5,20,2,59,25.750,159,62,-106
246003,-119.939632,39.538806,3.761,1.06,2008,5,20,3,47,3.180,302,26,168
246021,-119.918164,39.545614,3.521,1.10,2008,5,20,8,30,30.320,321,61,-130
246022,-119.918172,39.545675,3.504,1.07,2008,5,20,8,44,48.350,315,62,-125
246024,-119.935295,39.525647,2.971,1.08,2008,5,20,12,16,8.450,318,43,-137
246104,-119.920402,39.548079,3.732,1.67,2008,5,20,18,52,3.520,178,42,-49
246129,-119.914648,39.547058,3.309,1.07,2008,5,20,20,4,19.760,306,58,-134
246169,-119.890356,39.494434,3.909,1.42,2008,5,21,1,53,16.060,297,85,177
246177,-119.918083,39.548848,3.544,1.29,2008,5,21,6,13,13.120,186,41,-67
246178,-119.890617,39.494328,3.880,1.32,2008,5,21,7,17,55.930,314,81,-176
246181,-119.921021,39.515898,4.826,0.99,2008,5,21,9,10,51.320,156,52,-175
246240,-119.920337,39.545715,3.823,1.01,2008,5,21,21,22,46.740,298,85,-166
246257,-119.923674,39.526257,3.163,1.58,2008,5,21,23,41,18.740,128,65,-180
246280,-119.920931,39.545121,3.905,1.54,2008,5,22,6,18,46.640,326,30,-119
246301,-119.925724,39.538188,3.619,1.56,2008,5,22,14,42,18.310,114,87,168
288033,-119.918424,39.542126,4.777,1.90,2008,5,22,17,13,48.000,172,36,-110
246484,-119.917106,39.545614,3.310,2.00,2008,5,22,17,42,31.680,308,62,-122
246459,-119.935799,39.532613,3.469,0.83,2008,5,22,18,48,6.720,305,42,-139
246358,-119.956828,39.546354,3.695,1.14,2008,5,22,19,36,15.440,128,74,-165
246394,-119.917008,39.549479,3.542,1.61,2008,5,22,21,42,16.920,313,71,-147
246418,-119.922477,39.543018,3.778,1.44,2008,5,23,2,52,6.540,326,49,-129
246426,-119.927677,39.519324,4.553,0.96,2008,5,23,7,45,9.640,180,53,-104
246428,-119.914852,39.531571,4.592,1.31,2008,5,23,9,21,47.450,173,69,-127
246440,-119.917310,39.544942,4.116,1.41,2008,5,23,14,51,35.250,169,49,-118
246441,-119.938135,39.537842,3.291,1.40,2008,5,23,15,3,28.310,308,51,175
246451,-119.891618,39.485160,2.336,0.89,2008,5,23,16,40,48.170,165,46,-134
246472,-119.921948,39.544035,3.744,1.68,2008,5,23,18,17,56.720,172,38,-46
246474,-119.922314,39.543494,3.829,1.37,2008,5,23,18,29,25.760,175,38,-56
246499,-119.917863,39.511523,4.943,0.96,2008,5,23,21,25,16.640,35,37,33
246505,-119.912752,39.503316,2.368,1.61,2008,5,23,21,52,14.760,301,82,-176
246589,-119.926929,39.522319,4.370,0.85,2008,5,24,22,2,31.800,111,68,145
246593,-119.953092,39.544145,3.238,1.73,2008,5,24,22,41,40.440,129,77,-174
246614,-119.916797,39.547721,3.419,1.78,2008,5,25,4,51,24.780,195,53,-38
246647,-119.917708,39.543738,4.742,1.28,2008,5,25,19,48,16.840,168,56,-127
246685,-119.920614,39.546139,3.196,1.33,2008,5,26,1,5,37.890,312,56,-136
246660,-119.922681,39.545719,3.154,1.58,2008,5,26,1,10,3.870,183,47,-48
246662,-119.904207,39.491052,3.349,1.21,2008,5,26,1,50,15.130,326,82,-170
246663,-119.916333,39.546818,3.084,1.41,2008,5,26,2,4,47.980,201,53,-44
246666,-119.923454,39.509705,2.606,1.66,2008,5,26,3,1,33.730,315,65,-152
246696,-119.946419,39.533362,4.418,1.14,2008,5,26,7,30,18.370,308,75,-124
246704,-119.954338,39.488713,3.517,1.61,2008,5,26,10,12,32.310,90,86,-160
246705,-119.954085,39.488647,3.480,1.71,2008,5,26,10,13,57.940,98,79,-155
246765,-119.935994,39.532320,2.513,1.65,2008,5,26,21,14,12.080,119,75,163
246772,-119.936418,39.533447,3.150,1.00,2008,5,26,23,23,47.840,125,63,150
246774,-119.946883,39.532825,4.461,1.89,2008,5,26,23,29,30.220,104,81,135
246779,-119.959587,39.551640,5.255,1.50,2008,5,27,0,49,41.220,342,32,-112
246786,-119.925293,39.537659,3.610,1.01,2008,5,27,3,30,24.520,114,84,151
246792,-119.960758,39.551518,5.172,1.07,2008,5,27,6,5,50.390,136,70,-167
246805,-119.955583,39.548010,3.785,1.69,2008,5,27,8,43,31.090,125,82,-166
246809,-119.915991,39.510657,4.936,1.07,2008,5,27,9,42,6.570,119,52,165
246812,-119.957642,39.547786,3.704,1.87,2008,5,27,10,27,33.800,125,80,-164
246928,-119.921688,39.543815,3.700,2.32,2008,5,28,0,16,43.430,310,64,-140
247924,-119.922249,39.523486,4.186,1.07,2008,5,28,3,33,41.880,298,62,-137
246935,-119.922876,39.516789,4.639,1.25,2008,5,28,5,5,15.020,315,62,-171
246948,-119.961247,39.551257,5.168,1.20,2008,5,28,7,47,51.530,123,72,179
246949,-119.920516,39.514644,4.480,0.50,2008,5,28,7,51,19.260,298,79,-158
246951,-119.922217,39.542314,3.730,1.69,2008,5,28,8,26,41.030,199,49,-22
246952,-119.921688,39.542932,3.714,1.94,2008,5,28,8,27,30.320,300,74,-136
246954,-119.922925,39.543046,3.796,1.81,2008,5,28,8,31,41.250,319,41,-122
246955,-119.922396,39.543880,3.759,1.31,2008,5,28,8,32,52.330,194,43,-41
246956,-119.922941,39.543319,3.776,1.59,2008,5,28,8,34,24.530,318,40,-124
246962,-119.923739,39.540283,3.737,1.08,2008,5,28,9,48,16.050,124,85,170
246963,-119.915129,39.534493,4.969,0.97,2008,5,28,9,49,23.260,163,54,-134
246966,-119.924316,39.539661,3.767,1.81,2008,5,28,10,37,4.540,119,77,165
246967,-119.921663,39.544491,3.741,2.10,2008,5,28,10,47,40.950,185,49,-41
246969,-119.921859,39.544576,3.724,2.57,2008,5,28,10,54,13.160,188,47,-46
247009,-119.960286,39.551847,5.386,1.64,2008,5,28,18,3,28.720,313,49,-176
247062,-119.924146,39.541968,3.895,2.25,2008,5,28,20,30,35.160,172,54,-122
247105,-119.908944,39.541504,4.238,1.32,2008,5,28,22,0,17.920,190,33,-86
247144,-119.931209,39.523478,4.624,1.32,2008,5,29,1,47,59.220,194,48,-103
247145,-119.924154,39.541740,3.898,0.78,2008,5,29,2,27,41.050,206,48,-47
247158,-119.936320,39.534574,3.509,1.41,2008,5,29,5,4,10.550,309,47,155
247160,-119.921012,39.535856,3.469,1.23,2008,5,29,5,24,22.540,124,90,144
247173,-119.914941,39.538411,3.077,1.01,2008,5,29,7,32,13.850,317,42,-127
247178,-119.925049,39.538078,3.537,1.01,2008,5,29,11,5,59.440,275,88,134
247180,-119.922933,39.539962,3.914,0.99,2008,5,29,13,2,13.400,179,54,-122
247343,-119.915007,39.543551,2.817,1.40,2008,5,29,22,49,42.240,306,61,-140
247360,-119.921696,39.531714,2.838,1.77,2008,5,29,23,41,51.320,118,72,-179
247399,-119.923014,39.540031,3.922,1.28,2008,5,30,6,20,23.730,173,60,-109
288561,-119.958903,39.551628,5.182,0.95,2008,5,30,15,49,19.240,147,79,-153
247490,-119.926636,39.519442,4.746,1.40,2008,5,30,18,25,13.360,310,79,-153
247555,-119.952962,39.488114,3.479,1.63,2008,5,30,21,17,11.780,97,76,-160
247578,-119.962687,39.552877,4.161,1.56,2008,5,31,2,21,41.490,127,77,-166
247579,-119.953426,39.488131,3.500,0.99,2008,5,31,3,8,44.030,96,77,-164
247580,-119.925667,39.521761,4.647,0.83,2008,5,31,3,39,21.890,96,51,133
247582,-119.918815,39.510050,2.784,1.29,2008,5,31,5,4,51.230,145,87,158
247588,-119.926156,39.521912,4.599,1.23,2008,5,31,6,38,13.940,102,53,139
288625,-119.926693,39.521684,4.561,0.91,2008,5,31,7,25,37.050,295,59,109
247591,-119.914111,39.511906,2.752,0.76,2008,5,31,7,47,59.060,197,34,-8
247595,-119.927401,39.541028,5.402,2.44,2008,5,31,8,54,43.400,353,58,-112
247596,-119.927425,39.542411,5.548,1.72,2008,5,31,8,55,53.860,199,42,-86
247598,-119.929533,39.542432,5.445,3.14,2008,5,31,9,9,56.560,10,50,-96
247601,-119.926986,39.540568,5.594,1.34,2008,5,31,9,20,31.210,192,42,-98
247606,-119.928605,39.540181,5.411,2.52,2008,5,31,11,14,3.140,223,35,-47
247607,-119.926237,39.544198,4.346,1.24,2008,5,31,11,17,50.560,137,75,-173
247608,-119.928613,39.539775,5.372,0.99,2008,5,31,11,18,33.770,349,72,-110
257715,-119.959245,39.552242,5.437,2.22,2008,5,31,18,0,39.840,309,49,174
288670,-119.920907,39.512333,5.214,1.09,2008,5,31,18,13,31.320,125,56,167
247623,-119.959570,39.551660,5.516,1.41,2008,5,31,23,21,45.120,312,47,173
247631,-119.942025,39.539750,3.704,0.79,2008,6,1,1,7,25.500,292,32,163
247641,-119.959066,39.552511,5.414,0.85,2008,6,1,2,4,34.640,315,43,171
247647,-119.953328,39.488123,3.496,1.91,2008,6,1,6,8,51.650,89,84,-165
247649,-119.921346,39.545182,3.753,1.95,2008,6,1,7,25,17.270,306,67,-127
247651,-119.921851,39.544767,3.794,1.67,2008,6,1,7,30,38.390,190,45,-35
247652,-119.923454,39.543363,3.912,1.34,2008,6,1,7,56,39.970,317,40,-119
247653,-119.921842,39.544059,3.773,1.21,2008,6,1,8,22,13.380,304,70,-144
247654,-119.923991,39.540186,3.851,1.67,2008,6,1,9,1,53.330,178,42,-51
288858,-119.924666,39.539762,3.883,0.88,2008,6,1,9,8,0.170,181,41,-50
247671,-119.921517,39.546025,3.795,1.37,2008,6,1,13,45,35.850,344,22,-80
247686,-119.923584,39.519291,4.587,1.15,2008,6,1,16,36,27.950,143,72,154
288900,-119.918197,39.546684,3.421,0.86,2008,6,1,17,14,38.960,76,28,-128
247745,-119.914787,39.532739,4.241,0.73,2008,6,2,9,20,59.350,306,84,-139
255796,-119.915910,39.505566,4.928,1.13,2008,6,2,18,59,59.800,135,55,175
247946,-119.958447,39.547843,4.020,1.61,2008,6,3,2,26,6.590,123,76,-171
247947,-119.958138,39.548254,3.988,1.62,2008,6,3,2,27,46.730,126,78,-171
247954,-119.954517,39.489575,3.416,1.15,2008,6,3,7,16,22.860,95,88,-159
247963,-119.965365,39.553251,3.842,1.62,2008,6,3,9,58,48.520,131,79,-177
247964,-119.915837,39.535384,4.582,0.41,2008,6,3,10,45,53.630,108,88,148
247968,-119.923039,39.520325,3.630,2.25,2008,6,3,12,8,34.330,158,79,172
247972,-119.923926,39.521004,3.378,1.54,2008,6,3,13,54,20.660,166,81,165
248073,-119.924707,39.520992,2.994,1.40,2008,6,3,19,19,36.480,141,74,164
248087,-119.964998,39.553613,3.860,1.83,2008,6,3,20,50,6.320,322,72,-178
248128,-119.965698,39.553467,3.902,1.87,2008,6,3,23,41,16.240,139,77,169
248138,-119.957243,39.548083,3.773,1.93,2008,6,4,1,51,10.700,122,83,-178
248140,-119.957137,39.547921,3.828,1.51,2008,6,4,2,5,18.040,120,85,-166
248144,-119.956877,39.548181,3.755,1.85,2008,6,4,3,0,43.370,126,79,-167
248159,-119.952523,39.544556,3.308,1.97,2008,6,4,17,7,12.520,132,71,-165
248198,-119.956828,39.548027,4.297,1.40,2008,6,4,21,47,43.140,125,78,-163
248500,-119.935913,39.535075,2.973,0.71,2008,6,6,16,55,51.340,273,51,126
248640,-119.912272,39.504635,4.541,1.86,2008,6,7,1,5,0.670,174,43,-144
248646,-119.919124,39.513481,4.412,0.75,2008,6,7,4,45,49.090,116,77,162
248649,-119.958130,39.548779,3.476,2.20,2008,6,7,6,59,2.450,127,69,-149
248662,-119.952222,39.546549,2.283,2.00,2008,6,7,13,21,35.960,330,71,165
248665,-119.921183,39.542135,3.564,2.69,2008,6,7,13,43,3.360,302,66,-128
248669,-119.920760,39.541748,3.557,1.67,2008,6,7,14,3,20.890,305,69,-131
248700,-119.921753,39.541553,3.595,2.32,2008,6,8,9,39,52.580,175,40,-47
248702,-119.921240,39.542139,3.551,1.06,2008,6,8,10,0,14.550,317,69,-138
249127,-119.920972,39.543958,3.595,3.40,2008,6,8,10,13,58.350,306,72,-139
248774,-119.923763,39.541060,3.847,2.19,2008,6,8,10,16,13.720,311,66,-144
252104,-119.925106,39.538896,3.758,1.72,2008,6,8,10,18,35.110,112,81,167
248706,-119.924382,39.539673,3.663,1.94,2008,6,8,10,19,50.640,304,75,-137
248709,-119.918376,39.544991,3.436,0.86,2008,6,8,10,25,30.080,306,66,-133
248711,-119.923462,39.544250,3.763,0.98,2008,6,8,10,44,57.240,167,55,-92
248713,-119.917716,39.545475,3.434,1.78,2008,6,8,10,48,29.170,310,61,-141
248715,-119.924780,39.539299,3.707,1.30,2008,6,8,11,52,18.730,292,39,143
248728,-119.919450,39.544804,3.540,1.84,2008,6,8,15,32,6.630,306,67,-139
248729,-119.918799,39.545512,3.530,1.75,2008,6,8,15,34,14.540,300,66,-137
248730,-119.918848,39.544958,3.540,0.92,2008,6,8,15,41,57.880,299,76,-136
248731,-119.924683,39.542204,3.849,0.76,2008,6,8,15,49,50.360,311,46,-124
248735,-119.920117,39.547034,3.706,1.37,2008,6,8,17,39,41.120,170,40,-48
248736,-119.924251,39.540613,3.922,0.75,2008,6,8,17,41,54.180,324,32,-112
248737,-119.920036,39.545988,3.751,0.58,2008,6,8,17,46,10.120,183,41,-51
248738,-119.920386,39.546549,3.743,0.87,2008,6,8,17,47,48.360,156,35,-78
248739,-119.883724,39.554370,3.219,0.82,2008,6,8,17,52,2.640,331,90,-154
248740,-119.918473,39.544727,3.643,3.74,2008,6,8,17,53,40.400,186,48,-51
248760,-119.920321,39.544824,3.457,3.77,2008,6,8,17,55,19.120,335,40,-114
249154,-119.922559,39.539364,3.585,1.65,2008,6,8,17,58,13.680,303,85,-148
249153,-119.917643,39.541361,3.288,1.50,2008,6,8,17,59,28.640,307,67,-134
248747,-119.923381,39.539941,3.732,1.26,2008,6,8,18,15,13.640,306,70,-142
248749,-119.922656,39.546391,3.833,1.79,2008,6,8,18,22,49.480,332,35,-109
248751,-119.919263,39.542196,3.468,1.85,2008,6,8,18,27,5.580,307,68,-133
249159,-119.921248,39.540889,3.436,0.73,2008,6,8,18,30,58.280,304,81,-134
248753,-119.918962,39.541471,3.449,1.26,2008,6,8,18,33,25.480,291,76,-141
249162,-119.922729,39.546802,3.874,0.84,2008,6,8,18,44,48.820,14,39,-84
248762,-119.923674,39.537594,3.702,1.09,2008,6,8,19,16,58.000,106,82,-160
248764,-119.921159,39.540592,3.475,1.69,2008,6,8,19,30,16.880,307,75,-143
248771,-119.921257,39.540247,3.478,1.53,2008,6,8,19,56,11.760,306,73,-143
249166,-119.935433,39.533236,3.378,1.20,2008,6,8,20,21,31.840,313,52,177
248781,-119.923218,39.539628,3.654,1.43,2008,6,8,21,13,39.060,316,80,-150
248786,-119.917765,39.540934,3.331,1.44,2008,6,8,22,34,56.680,307,68,-134
248789,-119.923958,39.545024,3.987,1.38,2008,6,8,22,59,8.040,333,41,-102
248793,-119.917480,39.540621,4.622,1.68,2008,6,9,0,18,39.330,112,69,147
248795,-119.918530,39.540458,3.378,2.01,2008,6,9,2,3,50.230,309,74,-144
249077,-119.924731,39.542924,4.182,0.71,2008,6,9,2,51,3.290,325,36,-107
248799,-119.925464,39.543132,4.265,2.58,2008,6,9,3,49,48.210,331,43,-127
248801,-119.925260,39.542757,4.303,0.62,2008,6,9,3,57,49.260,319,37,-114
248803,-119.914445,39.552063,3.461,0.80,2008,6,9,4,18,17.110,114,48,118
248804,-119.916048,39.551815,3.280,0.93,2008,6,9,5,9,55.260,125,67,140
248808,-119.924007,39.541296,4.021,1.32,2008,6,9,6,5,7.840,176,56,-114
249082,-119.925122,39.542436,4.239,1.97,2008,6,9,6,24,16.380,313,37,-120
248818,-119.924593,39.543144,4.227,1.60,2008,6,9,7,38,7.250,338,38,-120
248821,-119.926481,39.547408,3.697,2.76,2008,6,9,7,41,8.760,333,45,-122
248823,-119.925114,39.543132,4.564,0.88,2008,6,9,8,2,47.780,321,44,-117
248826,-119.924219,39.543372,4.054,1.30,2008,6,9,9,33,55.220,314,34,-121
248840,-119.917049,39.511584,4.822,0.96,2008,6,9,13,38,33.950,304,86,-162
248884,-119.924170,39.542737,3.885,1.51,2008,6,9,16,18,26.430,323,47,-117
248897,-119.909847,39.557642,3.522,1.03,2008,6,9,16,55,13.380,329,50,-115
248918,-119.920955,39.540800,3.518,1.61,2008,6,9,17,46,57.280,308,74,-125
249024,-119.917269,39.540637,3.296,2.97,2008,6,10,0,18,34.690,309,75,-144
249027,-119.915430,39.542879,3.244,1.97,2008,6,10,0,35,42.850,313,67,-143
249052,-119.918717,39.539412,3.257,1.48,2008,6,10,5,35,18.310,300,77,-133
249061,-119.931250,39.522319,4.627,1.40,2008,6,10,10,15,4.320,178,46,-110
249071,-119.932349,39.518193,4.588,0.58,2008,6,10,12,41,5.980,192,47,-98
249262,-119.953874,39.488590,3.562,2.17,2008,6,11,9,19,28.110,307,89,174
249265,-119.924878,39.543294,4.373,1.48,2008,6,11,11,4,27.660,322,38,-122
249302,-119.924544,39.544975,4.119,1.06,2008,6,11,15,35,43.820,126,59,-138
249392,-119.924699,39.541829,3.916,0.86,2008,6,11,21,11,2.360,321,33,-122
249483,-119.922550,39.517171,4.356,0.89,2008,6,12,2,9,10.860,293,70,-142
249494,-119.921476,39.540153,3.521,1.08,2008,6,12,3,56,23.570,280,90,-154
249499,-119.921623,39.539750,3.562,2.39,2008,6,12,4,17,24.860,312,62,-133
249501,-119.920947,39.540259,3.542,1.76,2008,6,12,4,24,2.530,313,75,-130
249504,-119.920190,39.540637,3.510,2.08,2008,6,12,4,27,22.760,301,75,-141
249517,-119.920980,39.539233,3.506,2.14,2008,6,12,8,13,43.150,305,71,-135
249536,-119.958529,39.549410,3.907,1.35,2008,6,12,14,18,9.220,121,86,-165
249566,-119.922070,39.554382,3.928,1.91,2008,6,12,16,29,25.030,137,67,-157
250202,-119.918856,39.554850,3.716,1.63,2008,6,12,16,37,13.420,157,33,-110
249577,-119.922477,39.554419,3.884,1.92,2008,6,12,16,59,21.220,156,52,-134
249578,-119.922705,39.554525,3.934,1.66,2008,6,12,17,0,52.480,136,76,139
251789,-119.914502,39.528247,3.998,0.86,2008,6,12,17,1,23.260,349,30,-103
249692,-119.902629,39.554187,3.022,1.24,2008,6,13,6,37,32.070,14,43,-70
249708,-119.959660,39.551949,5.470,1.76,2008,6,13,15,15,29.610,317,52,-170
249721,-119.915828,39.509322,4.313,1.86,2008,6,13,17,21,2.560,156,57,-161
249730,-119.915047,39.549788,4.917,1.51,2008,6,13,18,43,26.960,101,89,150
249740,-119.914771,39.550570,4.911,1.50,2008,6,13,19,20,30.640,294,85,-155
249748,-119.915609,39.508541,4.350,1.55,2008,6,13,19,39,7.380,154,69,-173
249787,-119.914608,39.508199,4.293,1.95,2008,6,13,20,37,20.520,169,48,-154
249776,-119.914559,39.507662,4.280,1.75,2008,6,13,20,43,10.720,163,51,-153
249843,-119.919604,39.514115,4.463,1.20,2008,6,14,5,4,55.170,289,75,-166
250045,-119.913428,39.555326,3.974,0.68,2008,6,14,14,27,18.430,27,64,-74
249873,-119.943750,39.516943,3.392,1.13,2008,6,14,15,13,38.190,318,66,-149
249902,-119.921322,39.539274,3.453,2.52,2008,6,15,7,54,15.050,304,70,-139
249909,-119.882878,39.490129,3.761,1.57,2008,6,15,10,34,32.090,163,73,-157
249916,-119.932487,39.528748,4.543,0.73,2008,6,15,14,8,49.340,177,55,-147
249918,-119.916707,39.506242,2.889,1.88,2008,6,15,15,19,19.290,152,75,-168
249941,-119.954028,39.488098,3.643,1.56,2008,6,15,21,53,57.920,6,32,-85
249953,-119.914453,39.550757,2.827,0.87,2008,6,16,4,17,58.050,171,67,-122
249959,-119.930078,39.523328,4.685,0.53,2008,6,16,6,31,30.710,191,46,-105
249966,-119.924845,39.544381,4.423,1.48,2008,6,16,7,46,10.260,322,66,-149
249971,-119.906551,39.499369,2.212,1.43,2008,6,16,9,35,56.470,138,87,173
249974,-119.903784,39.497620,2.146,1.13,2008,6,16,11,34,45.340,327,77,-172
250191,-119.932674,39.524776,4.924,1.48,2008,6,17,13,2,25.220,170,49,-140
250192,-119.932137,39.524052,5.040,1.00,2008,6,17,13,3,16.590,168,56,-113
250198,-119.935531,39.519507,4.328,3.21,2008,6,17,14,1,48.960,216,46,-68
250210,-119.934855,39.528796,4.757,1.30,2008,6,17,14,39,48.610,169,50,-141
250501,-119.904012,39.500134,5.493,1.10,2008,6,18,23,59,1.520,293,76,-158
250511,-119.915218,39.504639,4.880,1.03,2008,6,19,2,31,45.070,23,38,-65
250807,-119.920850,39.515251,4.561,0.41,2008,6,20,8,10,28.200,145,82,175
250949,-119.953931,39.487764,3.616,1.40,2008,6,20,20,36,44.520,156,58,-140
250982,-119.932194,39.534078,4.485,0.76,2008,6,20,23,51,41.160,181,52,-92
251005,-119.917603,39.548356,3.598,0.73,2008,6,21,8,30,4.050,299,72,-136
251007,-119.957186,39.547876,3.786,2.34,2008,6,21,10,30,12.180,125,82,-175
251153,-119.920866,39.516003,4.729,1.11,2008,6,21,12,30,59.490,116,86,133
251017,-119.952686,39.487610,3.462,1.36,2008,6,21,15,58,8.890,95,83,-154
251030,-119.959408,39.552482,4.743,2.00,2008,6,21,20,18,22.560,120,81,-166
251034,-119.956551,39.548751,3.835,1.48,2008,6,21,22,15,33.800,118,82,-173
251248,-119.916325,39.544678,4.814,0.21,2008,6,22,14,22,35.320,183,71,-82
251181,-119.945516,39.540031,2.663,1.53,2008,6,23,16,53,20.690,118,71,164
251193,-119.930859,39.545728,5.646,1.64,2008,6,23,17,33,35.340,318,44,-121
251310,-119.915080,39.548922,3.461,0.93,2008,6,23,21,20,57.200,202,20,-18
251326,-119.933569,39.524919,4.948,1.48,2008,6,24,0,14,37.780,178,50,-119
251337,-119.930518,39.523018,4.379,1.05,2008,6,24,11,6,23.710,189,58,-106
251341,-119.925936,39.526973,4.069,1.47,2008,6,24,13,28,35.870,287,60,-143
251424,-119.921077,39.551851,4.291,1.59,2008,6,24,18,34,3.840,175,48,-118
251504,-119.932316,39.529492,3.257,1.27,2008,6,25,1,21,9.830,286,47,135
251702,-119.954118,39.487809,3.631,0.81,2008,6,26,9,5,27.000,154,74,-125
251728,-119.911759,39.508529,4.836,1.45,2008,6,26,16,47,5.860,308,75,-164
251802,-119.938281,39.537183,2.930,0.91,2008,6,27,7,30,3.200,129,86,-174
251804,-119.924951,39.518079,4.685,1.59,2008,6,27,8,19,11.060,307,89,-154
251809,-119.934652,39.529370,3.035,0.70,2008,6,27,10,9,48.970,150,66,-160
251818,-119.935343,39.531755,3.256,0.75,2008,6,27,13,37,54.150,287,36,-149
251819,-119.922396,39.517664,4.599,1.19,2008,6,27,14,1,12.000,128,69,157
251824,-119.938924,39.536015,3.478,1.30,2008,6,27,14,42,5.810,126,76,166
251959,-119.920874,39.517493,4.654,1.02,2008,6,28,12,8,7.590,323,47,151
252003,-119.940324,39.538798,3.693,1.44,2008,6,29,5,21,38.780,314,47,164
252239,-119.956681,39.547644,3.948,1.57,2008,7,1,2,36,47.160,125,76,-150
252260,-119.956844,39.548031,3.895,1.41,2008,7,1,11,46,37.410,125,80,-162
252278,-119.956535,39.547673,4.017,1.26,2008,7,1,16,42,14.480,123,75,-168
252280,-119.955851,39.547778,4.178,0.97,2008,7,1,16,55,47.150,120,79,-176
252355,-119.956356,39.548515,3.856,1.83,2008,7,2,5,5,27.930,123,83,-169
252368,-119.925822,39.523002,5.514,0.68,2008,7,2,13,45,21.980,319,67,-104
252510,-119.956820,39.497538,1.780,1.91,2008,7,3,11,4,17.580,299,73,154
252511,-119.957104,39.497139,1.771,1.80,2008,7,3,11,10,11.680,295,73,156
252513,-119.957373,39.497754,1.827,1.75,2008,7,3,11,17,18.010,126,73,-174
252606,-119.931982,39.523153,5.177,1.01,2008,7,3,20,32,11.980,168,51,-112
394044,-119.957080,39.497233,1.747,0.52,2008,7,4,3,15,34.680,279,87,165
253568,-119.967074,39.544169,4.542,1.38,2008,7,4,14,50,8.100,121,57,-166
252703,-119.957210,39.548682,3.631,2.37,2008,7,4,15,29,17.290,122,87,-171
252793,-119.919824,39.514266,4.529,0.92,2008,7,4,16,40,30.530,305,63,-165
252700,-119.918978,39.514514,4.589,0.70,2008,7,4,16,42,28.000,308,79,-162
253571,-119.920369,39.514864,4.476,0.82,2008,7,4,16,42,40.700,304,83,-167
252697,-119.915275,39.509220,3.556,1.32,2008,7,4,17,54,6.360,142,86,156
252701,-119.967424,39.544206,4.503,1.34,2008,7,4,18,11,37.480,109,68,-178
253616,-119.906836,39.507499,3.772,1.20,2008,7,4,18,27,29.280,321,87,-162
252748,-119.975488,39.567204,2.863,1.00,2008,7,5,9,16,59.760,134,81,-168
252749,-119.953605,39.487028,3.696,2.19,2008,7,5,9,34,13.390,147,67,-136
252750,-119.977523,39.566337,2.798,0.96,2008,7,5,9,40,22.920,136,84,-174
252752,-119.952889,39.486890,3.574,1.33,2008,7,5,10,11,9.870,153,79,-148
252839,-119.953035,39.547001,2.998,1.84,2008,7,6,13,22,30.500,128,82,-172
253054,-119.916528,39.512703,4.513,1.39,2008,7,7,1,25,17.070,311,78,-157
252929,-119.885083,39.483215,1.439,2.32,2008,7,7,3,25,20.630,160,76,-149
252977,-119.932471,39.515735,2.577,1.68,2008,7,7,12,15,15.280,315,64,-152
253363,-119.965918,39.503345,2.143,0.56,2008,7,9,2,32,35.070,325,88,163
253380,-119.901636,39.496057,3.815,1.95,2008,7,9,10,30,40.780,162,64,-153
253873,-119.933944,39.532100,3.500,1.39,2008,7,12,19,11,39.600,315,79,-163
253978,-119.924797,39.543494,4.685,1.75,2008,7,14,10,3,46.670,301,48,172
253983,-119.917261,39.510063,5.227,1.22,2008,7,14,14,30,29.640,137,55,175
254058,-119.953402,39.544059,3.674,1.22,2008,7,15,1,16,37.200,127,76,-165
254080,-119.922591,39.516248,4.632,0.88,2008,7,15,11,18,43.710,323,70,-163
254083,-119.900724,39.494552,3.783,1.80,2008,7,15,14,2,52.890,174,47,-133
254292,-119.920353,39.515698,4.518,1.13,2008,7,16,1,34,36.700,139,77,172
254468,-119.920369,39.512516,4.569,0.85,2008,7,16,2,14,9.140,126,65,142
254656,-119.925407,39.524300,4.366,1.19,2008,7,18,17,51,31.120,110,86,165
254791,-119.897656,39.557906,3.849,1.89,2008,7,20,3,59,36.450,318,64,-157
255746,-119.957406,39.548100,3.779,3.47,2008,7,29,10,34,41.860,306,87,-172
256508,-119.960254,39.551835,4.722,2.71,2008,8,5,21,59,39.300,117,89,172
265044,-119.943457,39.542212,3.196,3.01,2008,11,13,7,42,8.090,302,84,177
266312,-119.968050,39.466638,2.074,1.60,2008,11,29,4,42,22.570,303,89,-174
